name,brand,ingredients,clean_ingredients,hidden_sugar,palm_oil,sweeteners,high_sodium,preservatives,artificial_colors,ultra_processed,allergens,risk,risk_label,cluster
Bigelow Lemon Lift Black Tea - 20 CT,Bigelow,"Black Tea,Natural Lemon Flavor (Soy Lecithin),Spice,Lemon Peel.,black tea, natural lemon flavor (soy lecithin), spice, lemon peel,black tea,natural lemon flavor (soy lecithin),spice,lemon peel","black tea,natural lemon flavor soy lecithin,spice,lemon peel,black tea, natural lemon flavor soy lecithin, spice, lemon peel,black tea,natural lemon flavor soy lecithin,spice,lemon peel",0,0,0,0,0,0,0,1,Low,0,2
"Aqua Star Breaded Butterfly Crunchy Shrimp, 9 oz",Aqua Star,"Shrimp,Degerminated White Corn Flour,Water,Pregelatinized Rice Flour,Modified Food Starch,Rice Flour,Salt,Degerminated Yellow Corn Flour,Soybean Oil,Corn Starch,Rice Starch,Xanthan Gum,Dextrin,Yeast,Yeast Extract,Onion Powder,Dextrose,Garlic Powder,Sugar,Dried Torula Yeast,Sodium Acid Pyrophosphate,Sodium Bicarbonated,Ascorbic Acid,Sodium Tripolyphosphate.","shrimp,degerminated white corn flour,water,pregelatinized rice flour,modified food starch,rice flour,salt,degerminated yellow corn flour,soybean oil,corn starch,rice starch,xanthan gum,dextrin,yeast,yeast extract,onion powder,dextrose,garlic powder,sugar,dried torula yeast,sodium acid pyrophosphate,sodium bicarbonated,ascorbic acid,sodium tripolyphosphate",1,0,0,1,0,0,0,1,Medium,1,0
"Marshalls Creek Spices Marjoram Seasoning, 3 Ounce",Marshall's Creek Spices,MARJORAM.,marjoram,0,0,0,0,0,0,0,0,Low,0,1
"Gold Emblem Abound Organic Maple Syrup, 8 OZ",Gold Emblem Abound,Organic Maple Syrup,organic maple syrup,0,0,0,0,0,0,0,0,Low,0,1
Green Mountain CoffeeÂ® Flavored Rain Forest NutÂ® Ground Coffee 12 oz. Bag,Green Mountain Coffee,100% Arabica Coffee with Natural and Artificial Flavors.,100 arabica coffee with natural and artificial flavors,0,0,0,0,0,1,0,0,Low,0,1
Vegan Cheddar Crackers,Earth Balance,"unbleached and unenriched wheat flour,water,enriched bleached wheat flour (flour,niacin,reduced iron,thiamine mononitrate,riboflavin,folic acid),canola oil,corn starch,seasoning (maltodextrin,yeast extract,gum acacia,natural flavor),palm oil,sunflower lecithin,salt,baking soda,monocalcium phosphate,ammonium bicarbonate,sugar,paprika,oleoresin color,yeast extract,annatto extract (water,annatto),lactic acid,dehydrated toasted onion,garlic powder,Unbleached pastry flour, enriched unbleached wheat flour (flour, niacin, reduced iron, thiamine mononitrate, riboflavin, folic acid), water, canola oil, corn starch, seasoning (maltodextrin, yeast extract, gum acacia, natural flavor) palm oil, sunflower lecithin, salt, baking soda, monocalcium phosphate, ammonium bicarbonate, sugar, paprika oleoresin color, yeast extract, annatto extract (water, annatto), lactic acid, dehydrated toasted onion, garlic powder. Contains Wheat.","unbleached and unenriched wheat flour,water,enriched bleached wheat flour flour,niacin,reduced iron,thiamine mononitrate,riboflavin,folic acid,canola oil,corn starch,seasoning maltodextrin,yeast extract,gum acacia,natural flavor,palm oil,sunflower lecithin,salt,baking soda,monocalcium phosphate,ammonium bicarbonate,sugar,paprika,oleoresin color,yeast extract,annatto extract water,annatto,lactic acid,dehydrated toasted onion,garlic powder,unbleached pastry flour, enriched unbleached wheat flour flour, niacin, reduced iron, thiamine mononitrate, riboflavin, folic acid, water, canola oil, corn starch, seasoning maltodextrin, yeast extract, gum acacia, natural flavor palm oil, sunflower lecithin, salt, baking soda, monocalcium phosphate, ammonium bicarbonate, sugar, paprika oleoresin color, yeast extract, annatto extract water, annatto, lactic acid, dehydrated toasted onion, garlic powder contains wheat",1,1,0,0,0,0,1,1,High,2,0
Krusteazï¿½ï¿½ Double Chocolate Supreme Muffin Mix 20 Oz. Box,Krusteaz,"Sugar,Enriched Bleached Flour (Wheat Flour, Niacin, Reduced Iron, Thiamin Mononitrate, Riboflavin, Folic Acid, Malted Barley Flour),Chocolate Chips (Sugar, Unsweetened Chocolate, Cocoa Butter, Milk Fat, Soy Lecithin (Emulsifier), Artificial Flavor),Cocoa (Processed with Alkali),Food Starch Modified. Less than 2 of: Propylene Glycol Monoester,Mono-Diglycerides,Sodium Stearoyl Lactylate,Arabic Gum,Sodium Aluminum Phosphate,Baking Soda,Salt,Soyben Oil,Artificial Flavor,Xanthan Gum.","sugar,enriched bleached flour wheat flour, niacin, reduced iron, thiamin mononitrate, riboflavin, folic acid, malted barley flour,chocolate chips sugar, unsweetened chocolate, cocoa butter, milk fat, soy lecithin emulsifier, artificial flavor,cocoa processed with alkali,food starch modified less than 2 of propylene glycol monoester,monodiglycerides,sodium stearoyl lactylate,arabic gum,sodium aluminum phosphate,baking soda,salt,soyben oil,artificial flavor,xanthan gum",1,0,0,1,0,0,0,1,Medium,1,0
Dad's Root Beer Barrels 4 Lbs Washburn Individually Wrapped Old Fashioned Candy,Medley Hills Farm,"Sugar, Corn Syrup, Artificial Flavor, U.S. Certified Colors including FD&C Yellow 6, Blue 1 and Red 40.,Sugar,Corn Syrup,Artificial Flavor,U.S. Certified Colors including FD&C Yellow 6,Blue 1 and Red 40.","sugar, corn syrup, artificial flavor, us certified colors including fdc yellow 6, blue 1 and red 40,sugar,corn syrup,artificial flavor,us certified colors including fdc yellow 6,blue 1 and red 40",1,0,0,0,0,0,0,0,Low,0,2
"Al Dente Spicy Sesame Linguine, 12-Ounce Bag (Pack of 6)",Al Dente,"Enriced semolina flour (durum semolina wheat, niacin, reduced iron, thiamin mononitrate, riboflavin, folic acid),enriched fancy durum flour (durum wheat, niacin, reduced iron, thiamin mononitrate, riboflavin, folic acid),water,pasteurized whole eggs,sesame seeds,sesame oil,paprika,ground red pepper. Contains: wheat and egg.","enriced semolina flour durum semolina wheat, niacin, reduced iron, thiamin mononitrate, riboflavin, folic acid,enriched fancy durum flour durum wheat, niacin, reduced iron, thiamin mononitrate, riboflavin, folic acid,water,pasteurized whole eggs,sesame seeds,sesame oil,paprika,ground red pepper contains wheat and egg",0,0,0,0,0,0,0,1,Low,0,0
Soda Cherry Limeade,Sunkist,"Carbonated Water,High Fructose Corn Syrup,Citric Acid,Sodium Benzoate (Preservative),Natural And Artificial Flavors,Red 40,Yellow 5.","carbonated water,high fructose corn syrup,citric acid,sodium benzoate preservative,natural and artificial flavors,red 40,yellow 5",1,0,0,1,1,0,0,0,Medium,1,2
"Polar Peeled Tiny Shrimp, 6.0 OZ",Polar,"Peeled Shrimp,Water,Salt,Citric Acid,Sodium Bisulfite (added as a preservative),Calcium Disodium EDTA.","peeled shrimp,water,salt,citric acid,sodium bisulfite added as a preservative,calcium disodium edta",0,0,0,1,0,0,0,0,Low,0,2
Gold Emblem Fruit Cubes Jelly Candy,CVS Gold Emblem,"160Sugar, Glucose Syrup, Water, Pectin, Citric Acid, Sodium Citrate, Natural Flavors, Black Carrot Juice Concentrate, Spirulina Extract, Beta-carotene (color),160Sugar,Glucose Syrup,Water,Pectin,Citric Acid,Sodium Citrate,Natural Flavors,Black Carrot Juice Concentrate,Spirulina Extract,Beta-carotene (color)","160sugar, glucose syrup, water, pectin, citric acid, sodium citrate, natural flavors, black carrot juice concentrate, spirulina extract, betacarotene color,160sugar,glucose syrup,water,pectin,citric acid,sodium citrate,natural flavors,black carrot juice concentrate,spirulina extract,betacarotene color",1,0,0,1,0,0,0,0,Medium,1,2
"Kraft Shake 'N Bake Coating Mix for Pork, Seasoned, Original Pork, 6 oz (170 g)",Nissin,"Enriched Wheat Flour (Wheat Flour, Niacin, Ferrous Sulfate, Thiamin Mononitrate Vitamin B1, Riboflavin Vitamin B2, Folic Acid),Salt,Canola Oil,Sugar,Spice,Contains Less than 2 of Caramel Color,Dried Onions,Dextrose,Yeast,Extractives of Paprika,Ascorbic Acid.","enriched wheat flour wheat flour, niacin, ferrous sulfate, thiamin mononitrate vitamin b1, riboflavin vitamin b2, folic acid,salt,canola oil,sugar,spice,contains less than 2 of caramel color,dried onions,dextrose,yeast,extractives of paprika,ascorbic acid",1,0,0,0,0,1,0,1,Medium,1,0
CVS Gold Emblem Sugar Free Peppermint Starlites,CVS Gold Emblem,"Isomalt, Polyglycitol Syrup, Titanium Dioxide and Red 40, Natural Peppermint Oil and Sucralose (Splenda Brand).,Isomalt,Polyglycitol Syrup,Titanium Dioxide and Red 40,Natural Peppermint Oil and Sucralose (Splenda Brand),.","isomalt, polyglycitol syrup, titanium dioxide and red 40, natural peppermint oil and sucralose splenda brand,isomalt,polyglycitol syrup,titanium dioxide and red 40,natural peppermint oil and sucralose splenda brand,",0,0,1,0,0,0,0,0,Low,0,2
"Singles to Go! Drink Mix, Sugar Free, Wild Purple Smash, 8 packets 0.74 oz (21.1 g)",Hawaiian Punch,"Citric Acid,Maltodextrin,Aspartame (Phenylketonurics: Contains Phenylalanine),Natural and Artificial Flavor,Salt,Contains Less than 2 of the Following: Acesulfame Potassium,Ascorbic Acid (Vitamin C),Cellulose Gum,Pectin,Guar Gum,Disodium Phosphate,Magnesium Oxide,Red 40,Blue 1.","citric acid,maltodextrin,aspartame phenylketonurics contains phenylalanine,natural and artificial flavor,salt,contains less than 2 of the following acesulfame potassium,ascorbic acid vitamin c,cellulose gum,pectin,guar gum,disodium phosphate,magnesium oxide,red 40,blue 1",1,0,1,1,0,0,1,0,High,2,2
"Utz Potato Chips, 6 Oz",Utz,"Whole Fresh Potatoes,Sliced And Cooked In 100 Pure Cottonseed Oil,With Salt Added. No Preservatives Added. Contains No Hydrogenated Fats. This Is A Gluten Free Food.","whole fresh potatoes,sliced and cooked in 100 pure cottonseed oil,with salt added no preservatives added contains no hydrogenated fats this is a gluten free food",0,0,0,0,0,0,0,1,Low,0,1
"Oscar Mayer Deli Fresh Oven Roasted Turkey Breast and Smoked Ham, 9.0 OZ",Oscar Mayer,"Oven Roasted Turkey Breast Browned with Caramel Color: Turkey Breast,Water,Modified Cornstarch,Contains Less than 2% of Sodium Lactate,Salt,Sugar,Sodium Phosphates,Carrageenan,Natural Flavor,Sodium Diacetate,Sodium Ascorbate,Potassium Chloride,Sodium Nitrate,Caramel Color.Smoked Uncured Ham Browned with Caramel Color: Ham,Cultured Dextrose*,Brown Sugar,Contains Less than 2% of Salt,Vinegar*,Cultured Celery Juice*,Cherry Powder,Dextrose,Autolyzed Yeast Extract,Caramel Color.*Ingredient to Preserve Quality.","oven roasted turkey breast browned with caramel color turkey breast,water,modified cornstarch,contains less than 2 of sodium lactate,salt,sugar,sodium phosphates,carrageenan,natural flavor,sodium diacetate,sodium ascorbate,potassium chloride,sodium nitrate,caramel colorsmoked uncured ham browned with caramel color ham,cultured dextrose,brown sugar,contains less than 2 of salt,vinegar,cultured celery juice,cherry powder,dextrose,autolyzed yeast extract,caramel coloringredient to preserve quality",1,0,0,1,0,1,0,0,Medium,1,2
"Riceworks Spicy Spanish Cheese Blend Gourmet Rice Snacks, 5.5 Oz",riceworks,"Bumped Brown Rice (Brown Rice, Caramel Color and Salt),Rice Flour,Ground White Corn,Vegetable Oil (Contains One Or More of The Following: Canola, Sunflower, Safflower, Or Corn Oil),Seasoning* (Salt, Maltodextrin, Whey, Natural Flavors, Cheddar Cheese Blend [Whey, Cheese {Milk, Cheese Cultures, Salt, Enzymes}, Buttermilk Solids, Salt, Natural Flavor], Sugar, Vinegar Powder [Maltodextrin, Vinegar, Modified Food Starch], J Alapeno Powder, Citric Acid, and Malic Acid),and Sesame Seeds.","bumped brown rice brown rice, caramel color and salt,rice flour,ground white corn,vegetable oil contains one or more of the following canola, sunflower, safflower, or corn oil,seasoning salt, maltodextrin, whey, natural flavors, cheddar cheese blend whey, cheese milk, cheese cultures, salt, enzymes, buttermilk solids, salt, natural flavor, sugar, vinegar powder maltodextrin, vinegar, modified food starch, j alapeno powder, citric acid, and malic acid,and sesame seeds",1,1,0,0,0,1,1,1,High,2,0
"Coors Light Beer, 72 Fl Oz",Coors Light,"Water,Hops,Barley And Yeast.","water,hops,barley and yeast",0,0,0,0,0,0,0,0,Low,0,2
Coca-cola Mexican Soda 12 Oz,Coca-cola,"Carbonated Water,Sugar,Caramel Color,Phosphoric Acid,Natural Flavors,Caffeine","carbonated water,sugar,caramel color,phosphoric acid,natural flavors,caffeine",1,0,0,0,0,1,0,0,Medium,1,2
Artichoke Pesto Sauce,Cucina & Amore,"Artichoke Hearts,Sunflower Oil,White Wine Vinegar,Garlic,Salt,Basil,Citric Acid and Ascorbic Acid","artichoke hearts,sunflower oil,white wine vinegar,garlic,salt,basil,citric acid and ascorbic acid",0,0,0,0,0,0,0,0,Low,0,1
Lyons Mint Viscount - 98g - Pack of 6 (98g x 6),Lyons,"Wheat Flour,Chocolate Flavoured Coating (31%),(Sugar, Vegetable Fat, Cocoa Mass, Dried Whey, Emulsifier (Soya Lecithin, E476)),Mint Flavoured Filling (17%),(Icing Sugar, Vegetable Oil, Natural Mint and Peppermint Flavouring, Emulsifier (Soya Lecithin)),Vegetable Oil,Icing Sugar,Sugar,Dried Whey,Glucose Syrup,Raising Agents (Sodium Bicarbonate, E450),Emulsifier (Soya Lecithin),Salt","wheat flour,chocolate flavoured coating 31,sugar, vegetable fat, cocoa mass, dried whey, emulsifier soya lecithin, e476,mint flavoured filling 17,icing sugar, vegetable oil, natural mint and peppermint flavouring, emulsifier soya lecithin,vegetable oil,icing sugar,sugar,dried whey,glucose syrup,raising agents sodium bicarbonate, e450,emulsifier soya lecithin,salt",1,1,0,1,0,0,0,1,Medium,1,1
Terra Medi Greek Red Wine Vinegar,Terra Medi,Pure Wine Vinegar.,pure wine vinegar,0,0,0,0,0,0,0,0,Low,0,1
"Smuckers Peanut Butter, Creamy",Smuckers,Peanuts.,peanuts,0,0,0,0,0,0,0,1,Low,0,1
Swedish Fish Soft & Chewy Candy,Swedish Fish,"Sugar, Invert Sugar, Corn Syrup, Modified Corn Starch, Citric Acid, White Mineral Oil, Artificial Flavors, Red 40 and Carnauba Wax.","sugar, invert sugar, corn syrup, modified corn starch, citric acid, white mineral oil, artificial flavors, red 40 and carnauba wax",1,0,0,0,0,0,0,0,Low,0,2
Martinson Coffee,Martinson,100% Real Coffee,100 real coffee,0,0,0,0,0,1,0,0,Low,0,1
"Kool-Aid Tropical Punch Unsweetened Drink Mix, 0.16 oz",KooL-Aid,"Citric Acid,Salt,Modified Cornstarch,Red 40,Calcium Phosphate,Artificial Flavor,Contains Less than 2% of Ascorbic Acid (Vitamin C),Natural Flavor,Artificial Color,Blue 1,BHA (Preservative).","citric acid,salt,modified cornstarch,red 40,calcium phosphate,artificial flavor,contains less than 2 of ascorbic acid vitamin c,natural flavor,artificial color,blue 1,bha preservative",0,0,0,0,1,0,0,0,Low,0,2
Decor Hard Cinnamon Decorating Candy,Betty Crocker,"Sugar,Corn Syrup,Artificial Flavor,Gum Arabic,Confectioner's Glaze,Carnauba Wax,Red 40.","sugar,corn syrup,artificial flavor,gum arabic,confectioners glaze,carnauba wax,red 40",1,0,0,0,0,0,0,0,Low,0,2
Gluten Free ALL Month!,Mom's Place Gluten Free,"*If you have any questions on the ingredients,you can search the individual products (all are sold individually on Amazon),or you can contact us,and we will be happy to provide you with any information. There just isn't room to list the ingredients of 57 amazing products!","if you have any questions on the ingredients,you can search the individual products all are sold individually on amazon,or you can contact us,and we will be happy to provide you with any information there just isnt room to list the ingredients of 57 amazing products",0,0,0,0,0,0,0,0,Low,0,1
Organic Apple Butter,Eden Foods,"98 Organic Apples,2 Organic Apple Juice Concentrate","98 organic apples,2 organic apple juice concentrate",0,0,0,0,0,0,0,0,Low,0,1
"Manischewitz Cake Meal, 16.0 OZ",Manischewitz,Ground Passover Matzo (Passover Wheat Flour and Water).,ground passover matzo passover wheat flour and water,0,0,0,0,0,0,0,1,Low,0,0
"Tone's: Seed Caraway, .6 Oz",Tone's,Caraway Seed,caraway seed,0,0,0,0,0,0,0,0,Low,0,1
Billy bee Honey Bear,Billy Bee,Honey.,honey,0,0,0,0,0,0,0,0,Low,0,1
"Great Value Finely Shredded Fiesta Blend Cheese, 5 lb",Great Value,"Monterey Jack,Cheddar,Queso Quesadilla and Asadero Cheese (Pasteurized Milk,Cheese Culture,Salt,Enzymes,Annatto Color),Potato Starch and Powdered Cellulose added to prevent caking,Natamycin (Mold inhibitor),Queso Quesadilla and Asadero Cheeses (Pasteurized Milk, Cheese Culture, Salt, Enzymes, Annatto Color Pin Cheddar Cheese),Potato Starch and Powdered Cellulose Added to Prevent Caking,Natamycin (A Natural Mold Inhibitor),. Contains Milk.","monterey jack,cheddar,queso quesadilla and asadero cheese pasteurized milk,cheese culture,salt,enzymes,annatto color,potato starch and powdered cellulose added to prevent caking,natamycin mold inhibitor,queso quesadilla and asadero cheeses pasteurized milk, cheese culture, salt, enzymes, annatto color pin cheddar cheese,potato starch and powdered cellulose added to prevent caking,natamycin a natural mold inhibitor, contains milk",0,0,0,0,0,0,0,1,Low,0,0
"DeBoles Organic Whole Wheat Angel Hair, 8 Oz",DeBoles,"Organic Durum Whole Wheat Flour,Organic Jerusalem Artichoke Inulin.","organic durum whole wheat flour,organic jerusalem artichoke inulin",0,0,0,0,0,0,0,1,Low,0,1
Tazo Iced Blushberry Black Tea 6 Ct,Tazo,"Black Tea,Licorice Root,Natural Flavors,Hibiscus.","black tea,licorice root,natural flavors,hibiscus",0,0,0,0,0,0,0,0,Low,0,2
"Martha White Whole Grain Banana Nut Muffin Mix, 7.4-Ounce (Pack of 12)",Martha WhiteÂ®,"Flour (Whole Wheat Flour, Enriched Bleached Flour Wheat Flour, Niacin, Iron, Thiamin Mononitrate, Riboflavin, Folic Acid),Sugar,Walnuts With BHT Added To Protect Flavor,Partially Hydrogenated Soybean Oil,Dextrose,Dried Banana,Contains 2 Or Less Of: Propylene Glycol Monoesters,Baking Powder (Baking Soda, Sodium Aluminum Phosphate),Modified Corn Starch,Defatted Wheat Germ,Mono And Diglycerides,Salt,Calcium Carbonate,Eggs With Sodium Silicoaluminate Added As Anticaking Agent,Corn Starch,Natural And Artificial Flavor,Propylene Glycol Monoestearate,Polysorbate 60,Sodium Stearoyl Lactylate,Corn Syrup Solids,Calcium Sulfate,Niacin,Iron,Tbhq And Citric Acid (Antioxidants),Vitamin B6 Hydrochloride,Riboflavin,Thiamin Mononitrate,Vitamin B12. Contains Almond,Brazil Nut,Cashew,Egg,Hazelnut,Macadamia Nut,Pecan,Pine Nut,Pistachio Nut,Walnut And Wheat Ingredients. May Contain Milk And Soybean Ingredients.","flour whole wheat flour, enriched bleached flour wheat flour, niacin, iron, thiamin mononitrate, riboflavin, folic acid,sugar,walnuts with bht added to protect flavor,partially hydrogenated soybean oil,dextrose,dried banana,contains 2 or less of propylene glycol monoesters,baking powder baking soda, sodium aluminum phosphate,modified corn starch,defatted wheat germ,mono and diglycerides,salt,calcium carbonate,eggs with sodium silicoaluminate added as anticaking agent,corn starch,natural and artificial flavor,propylene glycol monoestearate,polysorbate 60,sodium stearoyl lactylate,corn syrup solids,calcium sulfate,niacin,iron,tbhq and citric acid antioxidants,vitamin b6 hydrochloride,riboflavin,thiamin mononitrate,vitamin b12 contains almond,brazil nut,cashew,egg,hazelnut,macadamia nut,pecan,pine nut,pistachio nut,walnut and wheat ingredients may contain milk and soybean ingredients",1,0,0,1,1,0,1,1,High,2,0
Terra Sweet Potato Chips Cinnamon Spice,Terra,"Sweet Potato,Expeller Pressed Canola Oil and/or Safflower Oil and/or Sunflower Oil,Seasoning (Evaporated Cane Syrup, Spices Including Cinnamon, Natural Flavors with Milk, Spice Extractive),.","sweet potato,expeller pressed canola oil andor safflower oil andor sunflower oil,seasoning evaporated cane syrup, spices including cinnamon, natural flavors with milk, spice extractive,",0,0,0,0,0,0,0,1,Low,0,1
bionaturae Organic Penne Rigate,bionaturae,"organic rice flour,organic rice starch,organic potato starch,organic soy flour,water","organic rice flour,organic rice starch,organic potato starch,organic soy flour,water",0,0,0,0,0,0,0,1,Low,0,1
Dominican Republic Gourmet Chocolate Embajador with Cinnamon,Chocolate Embajador,"Sugar, Cocoa, Bitter Chocolate, Cinnamon, Salt","sugar, cocoa, bitter chocolate, cinnamon, salt",1,0,0,0,0,0,0,0,Low,0,1
"Goya Caramel Flan, 5.5 oz",Goya Food,"Sugar,Dextrose,Carrageenan,Salt,Silicon Dioxide,Natural and Artificial Vanilla Flavor,Artificial Colors FD&C Yellow #5 and FD&C Yellow #6.Caramel ingredients: High Fructose Corn Syrup,Corn Syrup,Water,Natural Flavor,Caramelized Sugar Syrup,Potassium Sorbate (As Preservative).","sugar,dextrose,carrageenan,salt,silicon dioxide,natural and artificial vanilla flavor,artificial colors fdc yellow 5 and fdc yellow 6caramel  high fructose corn syrup,corn syrup,water,natural flavor,caramelized sugar syrup,potassium sorbate as preservative",1,0,0,0,1,0,0,0,Medium,1,2
"Classico Pasta Sauce Caramelized Onion _ Roasted Garlic, 24 Oz",Classico,"Tomato Puree (Water,Tomato Paste),Diced Tomatoes in Juice (Tomatoes,Tomato Juice,Citric Acid,Calcium Chloride),Onions,Contains 2% or Less of: Caramelized Onions,Sugar,Salt,Garlic,Roasted Garlic,Olive Oil,Granulated Onion,Granulated Garlic,Dehydrated Parsley Flakes,Spice,Canola Oil,Natural Flavoring.,Tomato Puree (Water, Tomato Paste),Diced Tomatoes In Juice (Tomatoes, Tomato Juice, Citric Acid, Calcium Chloride),Contains 2% Or Less of: Caramelized Onions","tomato puree water,tomato paste,diced tomatoes in juice tomatoes,tomato juice,citric acid,calcium chloride,onions,contains 2 or less of caramelized onions,sugar,salt,garlic,roasted garlic,olive oil,granulated onion,granulated garlic,dehydrated parsley flakes,spice,canola oil,natural flavoring,tomato puree water, tomato paste,diced tomatoes in juice tomatoes, tomato juice, citric acid, calcium chloride,contains 2 or less of caramelized onions",1,0,0,0,0,0,0,0,Low,0,2
"Chewy Granola Bars, Chocolate Chip, 10 bars 8.4 oz (240 g) bars 8.4 oz (240 g)",Quaker,"Granola (Whole Grain Rolled Oats, Brown Sugar, Crisp Rice Rice Flour, Sugar, Salt, Malted Barley Extract, Whole Grain Rolled Wheat, Soybean Oil, Dried Coconut, Whole Wheat Flour, Sodium Bicarbonate, Soy Lecithin, Caramel Color, Nonfat Dry Milk),Corn Syrup,Semisweet Chocolate Chips (Sugar, Chocolate Liquor, Cocoa Butter, Soy Lecithin, Vanilla Extract),Brown Rice Crisp (Whole Grain Brown Rice, Sugar, Malted Barley Flour, Salt),Sunflower Oil,Oligofructose,Polydextrose,Corn Syrup Solids,Glycerin,Contains 2 or Less of Water,Calcium Carbonate,Invert Sugar,Salt,Molasses,Diacetyl Tartaric Acid Ester of Mono-Diglycerides,Sucralose,Natural and Artificial Flavor,BHT (Preservative),Citric Acid.","granola whole grain rolled oats, brown sugar, crisp rice rice flour, sugar, salt, malted barley extract, whole grain rolled wheat, soybean oil, dried coconut, whole wheat flour, sodium bicarbonate, soy lecithin, caramel color, nonfat dry milk,corn syrup,semisweet chocolate chips sugar, chocolate liquor, cocoa butter, soy lecithin, vanilla extract,brown rice crisp whole grain brown rice, sugar, malted barley flour, salt,sunflower oil,oligofructose,polydextrose,corn syrup solids,glycerin,contains 2 or less of water,calcium carbonate,invert sugar,salt,molasses,diacetyl tartaric acid ester of monodiglycerides,sucralose,natural and artificial flavor,bht preservative,citric acid",1,0,1,1,1,1,0,1,High,2,0
Hormelâ„¢ Turkey Minis Pepperoni 4 oz. Bag,Hormel,"Dark Turkey,Salt,Spices,contains 2% or less of Water,Dextrose,Smoked Flavoring,Lactic Acid Starter Culture,Flavoring,Oleoresin of Paprika,Garlic Powder,Sodium Nitrite,Citric Acid,BHA,BHT.","dark turkey,salt,spices,contains 2 or less of water,dextrose,smoked flavoring,lactic acid starter culture,flavoring,oleoresin of paprika,garlic powder,sodium nitrite,citric acid,bha,bht",1,0,0,1,1,0,0,0,Medium,1,2
Organic Turmeric Ginger Tea - Kosher,Buddha Teas,"Organic Turmeric Root, Organic Ginger Root, Organic Black Pepper.,Organic Turmeric Root,Organic Ginger Root,Organic Black Pepper.","organic turmeric root, organic ginger root, organic black pepper,organic turmeric root,organic ginger root,organic black pepper",0,0,0,0,0,0,0,0,Low,0,1
Numi Organic Tea Flowering Gift Set in Handcrafted Mahogany Bamboo Chest: Glass Teapot _ 6 Flowering,Numi,"beautiful mahogany case filled with 9 bouquets of tea leaves that blossom into a myriad of flavors from sweet and subtle to rich and bold. The stylish glass teapot included is ideal to observe the flowering tea petals.white teas: starlight rose,flower jewel,dragon lily,lavender dreamgreen teas: emerald sun,jade fortune,jasmine pearlsblack tea: midnight peony,black beauty","beautiful mahogany case filled with 9 bouquets of tea leaves that blossom into a myriad of flavors from sweet and subtle to rich and bold the stylish glass teapot included is ideal to observe the flowering tea petalswhite teas starlight rose,flower jewel,dragon lily,lavender dreamgreen teas emerald sun,jade fortune,jasmine pearlsblack tea midnight peony,black beauty",0,0,0,0,0,0,0,0,Low,0,2
"Nature's Own Specialty Double Fiber Wheat Bread, 24 oz",Nature's Own,"Water,Whole Wheat Flour,Enriched Flour (Wheat Flour,Malted Barley Flour,Niacin,Reduced Iron,Thiamin Mononitrate,Riboflavin,Folic Acid),Fiber (May Contain Soy,Oat,Cottonseed,and/Or Cellulose),Sugar,Wheat Gluten,Inulin,Corn Starch,Contains 2% Or Less of Each of The Following: Oat Bran,Wheat Bran,Yeast,Soybean Oil,Brown Sugar,Raisin Juice Concentrate Salt,Cultured Wheat Flour,Vinegar,Soy Lecithin,Dough Conditioners (Contains One Or More of The Following: Sodium Stearoyl Lactylate,Calcium Stearoyl Lactylate,Monoglycerides and/Or Diglycerides,Calcium Peroxide,Calcium Iodate,Datem,Ethoxylated Mono- and Diglycerides,Enzymes),Calcium Sulfate,Topped With Wheat Bran.","water,whole wheat flour,enriched flour wheat flour,malted barley flour,niacin,reduced iron,thiamin mononitrate,riboflavin,folic acid,fiber may contain soy,oat,cottonseed,andor cellulose,sugar,wheat gluten,inulin,corn starch,contains 2 or less of each of the following oat bran,wheat bran,yeast,soybean oil,brown sugar,raisin juice concentrate salt,cultured wheat flour,vinegar,soy lecithin,dough conditioners contains one or more of the following sodium stearoyl lactylate,calcium stearoyl lactylate,monoglycerides andor diglycerides,calcium peroxide,calcium iodate,datem,ethoxylated mono and diglycerides,enzymes,calcium sulfate,topped with wheat bran",1,0,0,1,0,0,0,1,Medium,1,0
Stephen's Gourmet White Chocolate Hot Cocoa 1lb,Stephen's,"Sugar,Sweet Whey,Maltodextrin,Partially Hydrogenated Coconut,Corn Syrup Solids,Natural And Artificial Flavors,Non-Fat Dry Milk,Sodium Caseinate,Salt,Mono And Diglycerides,Guar Gum,Dipotassium Phosphate,Cocoa (Processed With Alkali),Cellulose Gum,Beta Carotene.","sugar,sweet whey,maltodextrin,partially hydrogenated coconut,corn syrup solids,natural and artificial flavors,nonfat dry milk,sodium caseinate,salt,mono and diglycerides,guar gum,dipotassium phosphate,cocoa processed with alkali,cellulose gum,beta carotene",1,0,0,1,0,0,1,1,High,2,0
Orange Juice,Pure Premium,100 Orange Juice.,100 orange juice,0,0,0,0,0,1,0,0,Low,0,1
"Sara Lee Toaster Size Blueberry Bagels, 13 oz",Sara Lee,"Enriched WHEAT FLOUR [Flour,Malted Barley Flour,Reduced Iron,Niacin,Thiamin Mononitrate (Vitamin B1),Riboflavin (Vitamin B2),Folic Acid],Water,Sugar,Yeast,Cornmeal,Salt,Wheat Gluten,Dextrose,Preservatives (Calcium Propionate,Sorbic Acid),Natural & Artificial Flavors,Grain Vinegar,Corn Cereal,Rice Flour,Xanthan Gum,Soybean Oil,Mono- and Diglycerides,Monocalcium Phosphate,Cornstarch,Blue 2 Lake,Dried BlueBerries,Red 40 Lake,SOY LECITHIN,Blue 1 Lake,Potassium Iodate,Corn Syrup,Cottonseed Fiber,Red 40,Blue 2,Green 3,Blue 1","enriched wheat flour flour,malted barley flour,reduced iron,niacin,thiamin mononitrate vitamin b1,riboflavin vitamin b2,folic acid,water,sugar,yeast,cornmeal,salt,wheat gluten,dextrose,preservatives calcium propionate,sorbic acid,natural  artificial flavors,grain vinegar,corn cereal,rice flour,xanthan gum,soybean oil,mono and diglycerides,monocalcium phosphate,cornstarch,blue 2 lake,dried blueberries,red 40 lake,soy lecithin,blue 1 lake,potassium iodate,corn syrup,cottonseed fiber,red 40,blue 2,green 3,blue 1",1,0,0,0,0,0,0,1,Low,0,0
Eiffel Bon Bons 2-Flavor Variety: One 4 oz Bag Each of Strawberry and Apple Flavor in a Gift Box,Black Tie Mercantile,"Sugar,wheat syrup,water,hydrogenated coconut oil,dextrose,sorbitol,gelatin,citric acid,artificial flavor,glycerol monostearate,red 3,yellow 5,blue 2. Manufactured in a facility that also processes milk.","sugar,wheat syrup,water,hydrogenated coconut oil,dextrose,sorbitol,gelatin,citric acid,artificial flavor,glycerol monostearate,red 3,yellow 5,blue 2 manufactured in a facility that also processes milk",1,0,0,0,0,0,1,1,Medium,1,2
"Kahn's Bavarian Brand Braunschweiger, 16 oz",Kahn's,"Pork Livers,Pork,Bacon (Pork,Water,Salt,Sodium Phosphate,Sodium Erythorbate,Sodium Nitrite,May Contain Sugar),Contains 2% Or Less: Salt,Corn Syrup,Sodium Lactate,Sugar,Flavorings,Dextrose,Sodium Diacetate,Sodium Nitrite.","pork livers,pork,bacon pork,water,salt,sodium phosphate,sodium erythorbate,sodium nitrite,may contain sugar,contains 2 or less salt,corn syrup,sodium lactate,sugar,flavorings,dextrose,sodium diacetate,sodium nitrite",1,0,0,1,0,0,0,0,Medium,1,2
Ritter Sport Knusper Flakes Bar,Ritter Sport,"Sugar,Cocoa Butter,Cream,Corn,Chocolate Liquor,Lactose (Milk),Soy Lecithin (Emulsifier),Salt,Barley Malt,Natural Flavor.","sugar,cocoa butter,cream,corn,chocolate liquor,lactose milk,soy lecithin emulsifier,salt,barley malt,natural flavor",1,0,0,0,0,0,0,1,Low,0,0
5-oz Fruit Snacks,Welch's,"Fruit Puree (Pear,Peach,Strawberry,Raspberry,Blackberry,Blueberry,and Cherry),Corn Syrup,Sugar,Modified Corn Starch,Gelatin,Citric Acid,Lactic Acid,Natural and Artificial Flavors,Ascorbic Acid (Vitamin C),Alpha Tocopherol Acetate (Vitamin E),Vitamin A Palmitate,Sodium Citrate,Coconut Oil,Carnauba Wax,Red 40,and Blue 1.,Fruit Puree (Pear, Peach, Strawberry, Raspberry, Blackberry, Blueberry, and Cherry)","fruit puree pear,peach,strawberry,raspberry,blackberry,blueberry,and cherry,corn syrup,sugar,modified corn starch,gelatin,citric acid,lactic acid,natural and artificial flavors,ascorbic acid vitamin c,alpha tocopherol acetate vitamin e,vitamin a palmitate,sodium citrate,coconut oil,carnauba wax,red 40,and blue 1,fruit puree pear, peach, strawberry, raspberry, blackberry, blueberry, and cherry",1,0,0,1,0,0,0,0,Medium,1,2
Voortman Strawberry Turnover Soft Cookies,Voortman,"Enriched Wheat Flour,Sugar,Strawberry,Glucose Fructose,Glucose,Modified Cornstarch,Citric Acid,Pectin,Monocalcium Phosphate,Potassium Sorbate,Sodium Citrate,Sodium Benzoate,Artificial Color,Artificial Flavor,Canola Oil,Soybean Oil,Modified Palm Oil,Elaeis Guineensis (Palm) Kernel Oil,Sunflower Oil,Dried Coconut,Defatted Soy Flour,Whey Powder,Sodium Bicarbonate,Sodium Chloride,Dried Whole Eggs","enriched wheat flour,sugar,strawberry,glucose fructose,glucose,modified cornstarch,citric acid,pectin,monocalcium phosphate,potassium sorbate,sodium citrate,sodium benzoate,artificial color,artificial flavor,canola oil,soybean oil,modified palm oil,elaeis guineensis palm kernel oil,sunflower oil,dried coconut,defatted soy flour,whey powder,sodium bicarbonate,sodium chloride,dried whole eggs",1,1,0,1,1,0,0,1,High,2,0
Boysenberry Syrup 14.4 ounce,"Grama's, Inc.","Boysenberries,sugar,water,modified food starch and love","boysenberries,sugar,water,modified food starch and love",1,0,0,0,0,0,0,0,Low,0,2
"Keebler Fudge Stripes Original Cookies, 11.5 oz",Keebler,"Enriched Flour (Wheat Flour,Niacin,Reduced Iron,Thiamin Mononitrate [Vitamin B1],Riboflavin [Vitamin B2],Folic Acid),Sugar,Vegetable Oil (Soybean,Palm,and Palm Kernel Oil,Hydrogenated and/or Coconut Oil),High Fructose Corn Syrup,Cocoa Processed with Alkali,Whey,Contains Two Percent or Less of Leavening (Baking Soda,Sodium Acid Pyrophosphate,Monocalcium  Phosphate),Salt,Molasses,Soy Lecithin,Sorbitan Monostearate,Polysorbate 60,Natural and Artificial Flavors.","enriched flour wheat flour,niacin,reduced iron,thiamin mononitrate vitamin b1,riboflavin vitamin b2,folic acid,sugar,vegetable oil soybean,palm,and palm kernel oil,hydrogenated andor coconut oil,high fructose corn syrup,cocoa processed with alkali,whey,contains two percent or less of leavening baking soda,sodium acid pyrophosphate,monocalcium  phosphate,salt,molasses,soy lecithin,sorbitan monostearate,polysorbate 60,natural and artificial flavors",1,1,0,1,0,0,0,1,Medium,1,0
Nongshim Shin Ramyun Noodle Soup,Nongshim,"WHEAT FLOUR, PALM OIL, POTATO STARCH, MODIFIED POTATO STARCH, SALT, BEEF SEASONINGS (YEAST EXTRACT, BEEF BONE STOCK, BEEF EXTRACT, LIQUID CORN SYRUP, REFINED BEEF TALLOW) MONOSODIUM GLUTAMATE, DEHYDRATED VEGETABLES (GREEN ONION, MUSHROOM, CARROT) RED PEPPER, SUGAR, SOY SAUCE POWDER (HYDROLYZED SOY PROTEIN AND CORN GLUTEN, MALTODEXTRIN, SALT), SPICES(BLACK PEPPER, GARLIC, ONION, GINGER), SOY BEAN PASTE POWDER (SOYBEAN, MALTODEXTRIN, SALT), RED PEPPER SEED OIL, POTASSIUM CARBONATE, OLEORESIN CAPSICUM, OLEORESIN PAPRIKA, CORN FLOUR, GINGER, SODIUM CARBONATE, DISODIUM INOSINATE, DISODIUM GUANYLATE, SODIUM METAPHOSPHATE, SODIUM TRIPOLYPHOSPHATE, SODIUM PHOSPHATE, T-BHQ, TOCOPHEROL, SODIUM PYROPHOSPHATE, RIBOFLAVIN COLOR. CONTAINS WHEAT AND SOY. MANUFACTURED IN A FACILITY THAT ALSO PROCESSES EGG, MILK, FISH, AND SHELLFISH.,WHEAT FLOUR,PALM OIL,POTATO STARCH,MODIFIED POTATO STARCH,SALT,BEEF SEASONINGS (YEAST EXTRACT, BEEF BONE STOCK, BEEF EXTRACT, LIQUID CORN SYRUP, REFINED BEEF TALLOW),MONOSODIUM GLUTAMATE,DEHYDRATED VEGETABLES (GREEN ONION, MUSHROOM, CARROT),RED PEPPER,SUGAR,SOY SAUCE POWDER (HYDROLYZED SOY PROTEIN AND CORN GLUTEN, MALTODEXTRIN, SALT),SPICES(BLACK PEPPER, GARLIC, ONION, GINGER),SOY BEAN PASTE POWDER (SOYBEAN, MALTODEXTRIN, SALT),RED PEPPER SEED OIL,POTASSIUM CARBONATE,OLEORESIN CAPSICUM,OLEORESIN PAPRIKA,CORN FLOUR,GINGER,SODIUM CARBONATE,DISODIUM INOSINATE,DISODIUM GUANYLATE,SODIUM METAPHOSPHATE,SODIUM TRIPOLYPHOSPHATE,SODIUM PHOSPHATE,T-BHQ,TOCOPHEROL,SODIUM PYROPHOSPHATE,RIBOFLAVIN COLOR. CONTAINS WHEAT AND SOY. MANUFACTURED IN A FACILITY THAT ALSO PROCESSES EGG,MILK,FISH,AND SHELLFISH.","wheat flour, palm oil, potato starch, modified potato starch, salt, beef seasonings yeast extract, beef bone stock, beef extract, liquid corn syrup, refined beef tallow monosodium glutamate, dehydrated vegetables green onion, mushroom, carrot red pepper, sugar, soy sauce powder hydrolyzed soy protein and corn gluten, maltodextrin, salt, spicesblack pepper, garlic, onion, ginger, soy bean paste powder soybean, maltodextrin, salt, red pepper seed oil, potassium carbonate, oleoresin capsicum, oleoresin paprika, corn flour, ginger, sodium carbonate, disodium inosinate, disodium guanylate, sodium metaphosphate, sodium tripolyphosphate, sodium phosphate, tbhq, tocopherol, sodium pyrophosphate, riboflavin color contains wheat and soy manufactured in a facility that also processes egg, milk, fish, and shellfish,wheat flour,palm oil,potato starch,modified potato starch,salt,beef seasonings yeast extract, beef bone stock, beef extract, liquid corn syrup, refined beef tallow,monosodium glutamate,dehydrated vegetables green onion, mushroom, carrot,red pepper,sugar,soy sauce powder hydrolyzed soy protein and corn gluten, maltodextrin, salt,spicesblack pepper, garlic, onion, ginger,soy bean paste powder soybean, maltodextrin, salt,red pepper seed oil,potassium carbonate,oleoresin capsicum,oleoresin paprika,corn flour,ginger,sodium carbonate,disodium inosinate,disodium guanylate,sodium metaphosphate,sodium tripolyphosphate,sodium phosphate,tbhq,tocopherol,sodium pyrophosphate,riboflavin color contains wheat and soy manufactured in a facility that also processes egg,milk,fish,and shellfish",1,1,0,1,0,0,1,1,High,2,0
LesserEvil Super Bites,LesserEvil,"White bean flour, rice blend (rice flour, brown rice), dehydrated potato, organic sunflower oil, chia powder, organic evaporated cane juice, organic red bell pepper powder, sea salt, organic tapioca solids, organic onion powder, organic tomato powder, organic garlic powder, natural flavor, organic spices, natural extractives of paprika, citric acid,White Bean Flour,Rice Blend (Rice Flour, Brown Rice),Dehydrated Potato,Organic Sunflower Oil,Tapioca Flour,Quinoa Flour,Lentil Flour,Chia Powder,Organic Evaporated Cane Juice,Organic Red Bell Pepper Powder,Sea Salt,Organic Tapioca Solids,Organic Onion Powder,Organic Tomato Powder,Organic Garlic Powder,Natural Flavor,Organic Spices,Natural Extractives of Paprika,Citric Acid.","white bean flour, rice blend rice flour, brown rice, dehydrated potato, organic sunflower oil, chia powder, organic evaporated cane juice, organic red bell pepper powder, sea salt, organic tapioca solids, organic onion powder, organic tomato powder, organic garlic powder, natural flavor, organic spices, natural extractives of paprika, citric acid,white bean flour,rice blend rice flour, brown rice,dehydrated potato,organic sunflower oil,tapioca flour,quinoa flour,lentil flour,chia powder,organic evaporated cane juice,organic red bell pepper powder,sea salt,organic tapioca solids,organic onion powder,organic tomato powder,organic garlic powder,natural flavor,organic spices,natural extractives of paprika,citric acid",0,0,0,0,0,0,0,0,Low,0,1
"Hillshire Farm Deli Select Ultra Thin Pastrami, 13 oz",Hillshire Farm,"Beef,Water,Contains 2% Or Less: Salt,Sodium Lactate,Cracked Black Pepper,Sugar,Sodium Phosphate,Sodium Diacetate,Sodium Ascorbate (Vitamin C),Flavor,Sodium Nitrite.","beef,water,contains 2 or less salt,sodium lactate,cracked black pepper,sugar,sodium phosphate,sodium diacetate,sodium ascorbate vitamin c,flavor,sodium nitrite",1,0,0,1,0,0,0,0,Medium,1,2
"Almond Joy Instant Pudding Mix, 3.52 oz",Almond Joy,"Sugar,Modified Food Starch,Coconut (Contains Sulfites),Almonds,Cocoa,Contains 2% Or Less of The Following: Salt,Disodium Phosphate,Tetrasodium Pyrophosphate,Natural And Artificial Flavors,Cocoa (Processed With Alkali),Mono- And Diglycerides,Calcium Sulfate,Red 40,Yellow 5,Blue 1,Cottonseed Oil,Tbhq And Citric Acid to Preserve Freshness. Contains: Treenuts And Sulfites.","sugar,modified food starch,coconut contains sulfites,almonds,cocoa,contains 2 or less of the following salt,disodium phosphate,tetrasodium pyrophosphate,natural and artificial flavors,cocoa processed with alkali,mono and diglycerides,calcium sulfate,red 40,yellow 5,blue 1,cottonseed oil,tbhq and citric acid to preserve freshness contains treenuts and sulfites",1,0,0,1,0,0,0,0,Medium,1,2
Low Carb Rum Balls - 12 Pack - Only 1 Net Carb Per Ball - Best Tasting Diet Product Ever!,CARB-O-LICIOUS,"Almond Meal,Eggs,Erythritol,Sucralose(sweeteners),Canola oil,cocoa powder(processed with alkali),natural & artificial flavors,Baking Soda,coffee powder,coconut,flaxseed,Trans fat free shortening,sugar free choc.","almond meal,eggs,erythritol,sucralosesweeteners,canola oil,cocoa powderprocessed with alkali,natural  artificial flavors,baking soda,coffee powder,coconut,flaxseed,trans fat free shortening,sugar free choc",1,0,1,0,0,0,0,0,Medium,1,1
Elegant Medley Chicken Case Florentine Cat Food (Case of 24),Fancy Feast,"Poultry Broth,Chicken Wheat Gluten,Liver,Meat By-Products,Spinach,Turkey,Corn Starch-Modified,Artificial and Natural flavors,Dicalcium Phosphate,Added Color,Salt,Soy Protein Concentrate,Potassium Chloride,Taurine,Choline Chloride,Magnesium Sulfate,Thiamine Mononitrate,Vitamin E Supplement,Zinc Sulfate,Ferrous Sulfate,Niacin,Calcium Pantothenate,Vitamin A Supplement,Copper Sulfate,Menadione Sodium Bisulfite Complex (Source of Vitamin K Activity),Manganese Sulfate,Pyridoxine Hydrochloride,Riboflavin Supplement,Vitamin b-12 Supplement,Biotin,Folic Acid,Vitamin D-3 Supplement,Potassium Iodide. B-6700.","poultry broth,chicken wheat gluten,liver,meat byproducts,spinach,turkey,corn starchmodified,artificial and natural flavors,dicalcium phosphate,added color,salt,soy protein concentrate,potassium chloride,taurine,choline chloride,magnesium sulfate,thiamine mononitrate,vitamin e supplement,zinc sulfate,ferrous sulfate,niacin,calcium pantothenate,vitamin a supplement,copper sulfate,menadione sodium bisulfite complex source of vitamin k activity,manganese sulfate,pyridoxine hydrochloride,riboflavin supplement,vitamin b12 supplement,biotin,folic acid,vitamin d3 supplement,potassium iodide b6700",0,0,0,1,0,0,0,1,Low,0,2
"Trolli Sour Brite Crawlers Gummy Candy, 5 Ounce Bag",Trolli,"Corn Syrup,Sugar,Gelatin,Citric Acid,Lactic Acid,Artificial Color (Titanium Dioxide, Yellow 5, Red 40, Yellow 6, Blue 1),Natural and Artificial Flavor,Fumaric Acid.","corn syrup,sugar,gelatin,citric acid,lactic acid,artificial color titanium dioxide, yellow 5, red 40, yellow 6, blue 1,natural and artificial flavor,fumaric acid",1,0,0,0,0,0,0,0,Low,0,2
Jelly Belly Black Jelly Beans,Jelly Belly,"Sugar, corn syrup, modified food starch,contains 2% or less of the following: naturaland artificial flavors, color added (blue #2lake, yellow #6 lake), beeswax, carnauba wax,confectioner's glaze. K,Sugar,corn syrup,modified food starch,contains 2% or less of the following: naturaland artificial flavors,color added (blue #2lake, yellow #6 lake),beeswax,carnauba wax,confectioner's glaze. K","sugar, corn syrup, modified food starch,contains 2 or less of the following naturaland artificial flavors, color added blue 2lake, yellow 6 lake, beeswax, carnauba wax,confectioners glaze k,sugar,corn syrup,modified food starch,contains 2 or less of the following naturaland artificial flavors,color added blue 2lake, yellow 6 lake,beeswax,carnauba wax,confectioners glaze k",1,0,0,0,0,0,0,0,Low,0,2
Scharffen Berger Semi-sweet 62 Cacao Baking Chunks 6oz,Scharffen Berger,Cacao beans; sugar; cocoa butter; non-GMO soy lecithin; whole vanilla beans.,cacao beans sugar cocoa butter nongmo soy lecithin whole vanilla beans,1,0,0,0,0,0,0,1,Low,0,0
"NOW Foods Brazil Nuts, Raw, 12-Ounce Bag",NOW Foods,"Brazil Nuts,Brazil Nuts. (May contain traces of other tree nuts)","brazil nuts,brazil nuts may contain traces of other tree nuts",0,0,0,0,0,0,0,0,Low,0,1
"Coffee, Ground, Classic Roast, Medium, 39 oz (2 lb 7 oz) 1.10 kg",Folgers,100 Pure Coffee.,100 pure coffee,0,0,0,0,0,1,0,0,Low,0,1
Newman's Own Tequila Lime Salsa,Newman's Own,"Tomato Puree,Water,Tomato Paste,Tomato,Onions,Green Bell Pepper,Jalapeno Pepper,Cane Sugar,Lime Juice Concentrate,Sodium Chloride,Garlic,Distilled Vinegar,Soybean Oil,Natural Flavors,Spices,Natural Flavor","tomato puree,water,tomato paste,tomato,onions,green bell pepper,jalapeno pepper,cane sugar,lime juice concentrate,sodium chloride,garlic,distilled vinegar,soybean oil,natural flavors,spices,natural flavor",1,0,0,1,0,0,0,1,Medium,1,2
Trappist Preserve Jelly Red Currant 12-ounce (pack of 6),TRAPPIST,"Red Currant Juice,Sugar,Corn Syrup,Fruit Pectin,Citric Acid.","red currant juice,sugar,corn syrup,fruit pectin,citric acid",1,0,0,0,0,0,0,0,Low,0,2
Morton Ice Cream Salt 4lb Box,Morton,Salt,salt,0,0,0,0,0,0,0,0,Low,0,1
Quaker Chewy Granola Bars,Quaker,"Dark Chocolate Chunk: Granola (Whole Grain Rolled Oats, Brown Sugar, Brown Rice Crisp (Whole Grain Brown Rice Flour, Sugar, Salt), Whole Grain Rolled Wheat, Soybean Oil, Whole Wheat Flour, Sodium Bicarbonate, Soy Lecithin, Nonfat Dry Milk),Corn Syrup,Brown Rice Crisp (Whole Grain Brown Rice Flour, Sugar, Salt),Semisweet Chocolate Chunks (Sugar, Chocolate Liquor, Cocoa Butter, Soy Lecithin, Vanillin (Artificial Flavor)),Sugar,Corn Syrup Solids,Glycerin,Invert Sugar,Contains 2 or Less of Soybean Oil,Fructose,Calcium Carbonate,Sorbitol,Salt,Water,Soy Lecithin,Coconut Paste,Molasses,Natural and Artificial Flavor,Caramel Color,BHT (Preservative),Tocopherols (Preservative),Citric Acid.Peanut Butter Chocolate: Granola (Whole Grain Rolled Oats, Brown Sugar, Brown Rice Crisp (Whole Grain Brown Rice Flour, Sugar, Salt), Whole Grain Rolled Wheat, Soybean Oil, Whole Wheat Flour, Sodium Bicarbonate, Soy Lecithin, Nonfat Dry Milk),Corn Syrup,Semisweet Chocolate Chips (Sugar, Chocolate Liquor, Cocoa Butter, Soy Lecithin, Vanilla Extract),Brown Rice Crisp (Whole Grain Brown Rice Flour, Sugar, Salt),Peanut Butter Spread (Peanuts, Sugar, Palm Oil, Salt),Peanut Flavored Chips (Sugar, Palm Kernel and Palm Oil, Partially Defatted Peanut Flour, Lactose, Dry Whey, Dextrose, Corn Syrup Solids, Soy Lecithin, Salt, Vanillin (Artificial Flavor)),Invert Sugar,Corn Syrup Solids,Glycerin,Contains 2 or Less of Calcium Carbonate,Sorbitol,Water,Salt,Natural Flavor,BHT (Preservative),Citric Acid.S'mores: Granola (Whole Grain Rolled Oats, Brown Sugar, Brown Rice Crisp (Whole Grain Brown Rice Flour, Sugar, Salt), Whole Grain Rolled Wheat, Soybean Oil, Whole Wheat Flour, Sodium Bicarbonate, Soy Lecithin, Nonfat Dry Milk),Corn Syrup,Semisweet Chocolate Chips (Sugar, Chocolate Liquor, Cocoa Butter, Soy Lecithin, Vanilla Extract),Brown Rice Crisp (Whole Grain Brown Rice Flour, Sugar, Salt),Sugar,Graham Cookie Pieces (Whole Wheat Flour, Sugar, Palm Oil, Honey, Natural Flavor, Salt, Sodium Bicarbonate, Soy Lecithin),Dehydrated Marshmallows (Sugar, Corn Syrup, Modified Corn Starch, Gelatin, Natural and Artificial Flavor, Sodium Hexametaphosphate, Blue 1),Corn Syrup Solids,Invert Sugar,Glycerin,Contains 2 or Less of Soybean Oil,Calcium Carbonate,Sorbitol,Salt,Water,Coconut Paste,Molasses,Soy Lecithin,Natural and Artificial Flavor,Caramel Color,BHT (Preservative),Tocopherols (Preservative),Citric Acid.","dark chocolate chunk granola whole grain rolled oats, brown sugar, brown rice crisp whole grain brown rice flour, sugar, salt, whole grain rolled wheat, soybean oil, whole wheat flour, sodium bicarbonate, soy lecithin, nonfat dry milk,corn syrup,brown rice crisp whole grain brown rice flour, sugar, salt,semisweet chocolate chunks sugar, chocolate liquor, cocoa butter, soy lecithin, vanillin artificial flavor,sugar,corn syrup solids,glycerin,invert sugar,contains 2 or less of soybean oil,fructose,calcium carbonate,sorbitol,salt,water,soy lecithin,coconut paste,molasses,natural and artificial flavor,caramel color,bht preservative,tocopherols preservative,citric acidpeanut butter chocolate granola whole grain rolled oats, brown sugar, brown rice crisp whole grain brown rice flour, sugar, salt, whole grain rolled wheat, soybean oil, whole wheat flour, sodium bicarbonate, soy lecithin, nonfat dry milk,corn syrup,semisweet chocolate chips sugar, chocolate liquor, cocoa butter, soy lecithin, vanilla extract,brown rice crisp whole grain brown rice flour, sugar, salt,peanut butter spread peanuts, sugar, palm oil, salt,peanut flavored chips sugar, palm kernel and palm oil, partially defatted peanut flour, lactose, dry whey, dextrose, corn syrup solids, soy lecithin, salt, vanillin artificial flavor,invert sugar,corn syrup solids,glycerin,contains 2 or less of calcium carbonate,sorbitol,water,salt,natural flavor,bht preservative,citric acidsmores granola whole grain rolled oats, brown sugar, brown rice crisp whole grain brown rice flour, sugar, salt, whole grain rolled wheat, soybean oil, whole wheat flour, sodium bicarbonate, soy lecithin, nonfat dry milk,corn syrup,semisweet chocolate chips sugar, chocolate liquor, cocoa butter, soy lecithin, vanilla extract,brown rice crisp whole grain brown rice flour, sugar, salt,sugar,graham cookie pieces whole wheat flour, sugar, palm oil, honey, natural flavor, salt, sodium bicarbonate, soy lecithin,dehydrated marshmallows sugar, corn syrup, modified corn starch, gelatin, natural and artificial flavor, sodium hexametaphosphate, blue 1,corn syrup solids,invert sugar,glycerin,contains 2 or less of soybean oil,calcium carbonate,sorbitol,salt,water,coconut paste,molasses,soy lecithin,natural and artificial flavor,caramel color,bht preservative,tocopherols preservative,citric acid",1,1,0,1,1,1,0,1,High,2,0
Jam Red Raspbry Sdls -pack of 6,TRAPPIST,"Raspberries,Sugar,Corn Syrup,Citric Acid,Fruit Pectin.","raspberries,sugar,corn syrup,citric acid,fruit pectin",1,0,0,0,0,0,0,0,Low,0,2
"Eden Organic Dried Wild Blueberries, 4-Ounce Pouches (Pack of 3)",Eden,"Organic Wild Blueberries,Organic Apple Juice Concentrate,Organic Sunflower Oil.","organic wild blueberries,organic apple juice concentrate,organic sunflower oil",0,0,0,0,0,0,0,0,Low,0,1
Cheez-It Original Baked Snack Crackers - 13.7oz,Cheez-It,"Contains wheat, milk and soy ingredients.","contains wheat, milk and soy ingredients",0,0,0,0,0,0,0,1,Low,0,0
"Terrasoul Superfoods Organic Hulled Sunflower Seeds, 2 Pounds",Terrasoul Superfoods,Organic Hulled Sunflower Seeds (Helianthus Annuus),organic hulled sunflower seeds helianthus annuus,0,0,0,0,0,0,0,0,Low,0,1
Amish Farms Cotton Candy,Amish Farms,"Sugar, Artificial Flavor & Colors (Contains one or more of the following: Red #3, Red #40, Blue #1).,Sugar,Artificial Flavor & Colors (Contains one or more of the following: Red #3, Red #40, Blue #1),.","sugar, artificial flavor  colors contains one or more of the following red 3, red 40, blue 1,sugar,artificial flavor  colors contains one or more of the following red 3, red 40, blue 1,",1,0,0,0,0,0,0,0,Low,0,2
California Delicious Starbucks Daybreak Gourmet Coffee Gift Basket,California Delicious,1- Starbucks Caffe Verona Coffee- 2.5 oz; 1- Starbucks House Blend Coffee- 2.5 oz; 1- Starbucks Sumatra Coffee - 2.5 oz; 1- Starbucks ceramic Logo Mug; 2- Nonni's Biscotti- 1.35 oz; 2- Walkers Shortbread rounds- 1.4 oz; 6 -Assorted Tazo Tea Bags,1 starbucks caffe verona coffee 25 oz 1 starbucks house blend coffee 25 oz 1 starbucks sumatra coffee  25 oz 1 starbucks ceramic logo mug 2 nonnis biscotti 135 oz 2 walkers shortbread rounds 14 oz 6 assorted tazo tea bags,0,0,0,0,0,0,0,0,Low,0,1
Rice A Roni174 Lower Sodium Chicken 6.9 Oz,Rice A Roni,"Rice, Wheat Flour, Durum Wheat Semolina, Natural Flavors, Maltodextrin, Salt, Potassium Chloride, Hydrolyzed Soy Protein, Autolyzed Yeast Extract*, Onions*, Hydrolyzed Corn Gluten, Monosodium Glutamate, Parsley*, Yeast*, Chicken Fat*, Garlic*, Chicken*, Chicken Broth*, Sugar, Turmeric, Hydrolyzed Corn Protein, Hydrolyzed Wheat Gluten, Disodium Guanylate, Disodium Inosinate, Niacin, Ferric Orthophosphate, Ferrous Sulfate, Thiamin Mononitrate, Turmeric Extract, Folic Acid, Riboflavin.*Dried.","rice, wheat flour, durum wheat semolina, natural flavors, maltodextrin, salt, potassium chloride, hydrolyzed soy protein, autolyzed yeast extract, onions, hydrolyzed corn gluten, monosodium glutamate, parsley, yeast, chicken fat, garlic, chicken, chicken broth, sugar, turmeric, hydrolyzed corn protein, hydrolyzed wheat gluten, disodium guanylate, disodium inosinate, niacin, ferric orthophosphate, ferrous sulfate, thiamin mononitrate, turmeric extract, folic acid, riboflavindried",1,0,0,1,0,0,1,1,High,2,0
"Hillshire Farm Lower Sodium Smoked Ham, 8 oz",Hillshire Farm,"Cured With Water,Dextrose,Contains 2% Or Less of: Sodium Lactate,Salt,Potassium Lactate,Sodium Phosphate,Yeast Extract,Sodium Diacetate,Sodium Ascorbate,Sodium Nitrite.","cured with water,dextrose,contains 2 or less of sodium lactate,salt,potassium lactate,sodium phosphate,yeast extract,sodium diacetate,sodium ascorbate,sodium nitrite",1,0,0,1,0,0,0,0,Medium,1,2
The Peanut Shop of Williamsburg Peanut Crunch Bar,The Peanut Shop of Williamsburg,"Peanuts,Sugar,Corn Syrup And Salt. Allergy Information: Contains Peanuts. Manufactured On Shared Equipment In A Facility That Processes Peanuts,Tree Nuts,Milk,Wheat,Egg And Soybeans.","peanuts,sugar,corn syrup and salt allergy information contains peanuts manufactured on shared equipment in a facility that processes peanuts,tree nuts,milk,wheat,egg and soybeans",1,0,0,0,0,0,0,1,Low,0,0
"Skinny Noodles Shirataki Spaghetti, 8 Oz. (12-pack)",Skinny Noodles Shirataki,"Purified Water, Konnyaku Yam Flour (Glucomannan), Calcium Hydroxide,Purified Water,Konnyaku Yam Flour (Glucomannan),Calcium Hydroxide","purified water, konnyaku yam flour glucomannan, calcium hydroxide,purified water,konnyaku yam flour glucomannan,calcium hydroxide",0,0,0,0,0,0,0,0,Low,0,2
"Applegate, Natural Chicken & Sage Breakfast Sausage, 7oz (Frozen)",Applegate,"Chicken****,Water.","chicken,water",0,0,0,0,0,0,0,0,Low,0,2
Kashi Tlc Chewy Granola Bar Honey Almond Flax,Kashi,"Rolled Whole Grain Blend (Hard Red Wheat, Oats, Rye, Triticale, Barley), Roasted Salted Whole Almonds, Brown Rice Syrup, Soy Protein Isolate, Soy Grits, Evaporated Cane Juice Crystals, Chicory Root Fiber, Whole Flax Seeds, Evaporated Cane Juice Syrup, Rice Starch, Corn Flour, Honey, Expeller Pressed Canola Oil, Vegetable Glycerin, Oat Fiber, Natural Flavors, Evaporated Salt, Kashi Seven Whole Grains Sesame Flour (Whole Oats, Hard Red Wheat, Rye, Brown Rice, Triticale, Barley, Buckwheat, Sesame Seeds), Molasses, Soy Lecithin, Peanut Flour, Whey Protein Isolate.,Rolled Whole Grain Blend (Hard Red Wheat, Oats, Rye, Triticale, Barley),Roasted Salted Whole Almonds,Brown Rice Syrup,Soy Protein Isolate,Soy Grits,Evaporated Cane Juice Crystals,Chicory Root Fiber,Whole Flax Seeds,Evaporated Cane Juice Syrup,Rice Starch,Corn Flour,Honey,Expeller Pressed Canola Oil,Vegetable Glycerin,Oat Fiber,Natural Flavors,Evaporated Salt,Kashi Seven Whole Grains Sesame Flour (Whole Oats, Hard Red Wheat, Rye, Brown Rice, Triticale, Barley, Buckwheat, Sesame Seeds),Molasses,Soy Lecithin,Peanut Flour,Whey Protein Isolate.","rolled whole grain blend hard red wheat, oats, rye, triticale, barley, roasted salted whole almonds, brown rice syrup, soy protein isolate, soy grits, evaporated cane juice crystals, chicory root fiber, whole flax seeds, evaporated cane juice syrup, rice starch, corn flour, honey, expeller pressed canola oil, vegetable glycerin, oat fiber, natural flavors, evaporated salt, kashi seven whole grains sesame flour whole oats, hard red wheat, rye, brown rice, triticale, barley, buckwheat, sesame seeds, molasses, soy lecithin, peanut flour, whey protein isolate,rolled whole grain blend hard red wheat, oats, rye, triticale, barley,roasted salted whole almonds,brown rice syrup,soy protein isolate,soy grits,evaporated cane juice crystals,chicory root fiber,whole flax seeds,evaporated cane juice syrup,rice starch,corn flour,honey,expeller pressed canola oil,vegetable glycerin,oat fiber,natural flavors,evaporated salt,kashi seven whole grains sesame flour whole oats, hard red wheat, rye, brown rice, triticale, barley, buckwheat, sesame seeds,molasses,soy lecithin,peanut flour,whey protein isolate",0,0,0,0,0,0,0,1,Low,0,0
"Annies Homegrown Organic Bunny Fruit Snacks Sunny Citrus 4 OZ, 12 Packs",Annies,"Ingredients Organic Tapioca Syrup, Organic Cane Sugar, Organic Tapioca Syrup Solids, Organic White Grape Juice Concentrate, Pectin, Citric Acid, Ascorbic Acid (Vitamin C), Colors (Organic Turmeric, Organic Annatto), Natural Flavors, Sodium Citrate, Organic Sunflower Oil, Carnauba Wax. Not a significant source of calories from fat, trans fat, cholesterol, dietary fiber, vitamin A, calcium and iron. Percent Daily Values are based on a 2,000 calorie diet.Nutrition FactsServing Size 1 Pouch (23g)Servings Per Container 5NutrientAmount per Serving Daily ValueCalories70160Total Fat0g0Sodium45mg2Total Carbohydrates18g6Sugar10g160Protein0g160Vitamin C160100,Ingredients Organic Tapioca Syrup,Organic Cane Sugar,Organic Tapioca Syrup Solids,Organic White Grape Juice Concentrate,Pectin,Citric Acid,Ascorbic Acid (Vitamin C),Colors (Organic Turmeric, Organic Annatto),Natural Flavors,Sodium Citrate,Organic Sunflower Oil,Carnauba Wax. Not a significant source of calories from fat,trans fat,cholesterol,dietary fiber,vitamin A,calcium and iron. Percent Daily Values are based on a 2,000 calorie diet.Nutrition FactsServing Size 1 Pouch (23g),Servings Per Container 5NutrientAmount per Serving Daily ValueCalories70160Total Fat0g0Sodium45mg2Total Carbohydrates18g6Sugar10g160Protein0g160Vitamin C160100","ingredients organic tapioca syrup, organic cane sugar, organic tapioca syrup solids, organic white grape juice concentrate, pectin, citric acid, ascorbic acid vitamin c, colors organic turmeric, organic annatto, natural flavors, sodium citrate, organic sunflower oil, carnauba wax not a significant source of calories from fat, trans fat, cholesterol, dietary fiber, vitamin a, calcium and iron percent daily values are based on a 2,000 calorie dietnutrition factsserving size 1 pouch 23gservings per container 5nutrientamount per serving daily valuecalories70160total fat0g0sodium45mg2total carbohydrates18g6sugar10g160protein0g160vitamin c160100,ingredients organic tapioca syrup,organic cane sugar,organic tapioca syrup solids,organic white grape juice concentrate,pectin,citric acid,ascorbic acid vitamin c,colors organic turmeric, organic annatto,natural flavors,sodium citrate,organic sunflower oil,carnauba wax not a significant source of calories from fat,trans fat,cholesterol,dietary fiber,vitamin a,calcium and iron percent daily values are based on a 2,000 calorie dietnutrition factsserving size 1 pouch 23g,servings per container 5nutrientamount per serving daily valuecalories70160total fat0g0sodium45mg2total carbohydrates18g6sugar10g160protein0g160vitamin c160100",1,0,0,1,0,1,0,0,Medium,1,1
Apple And Eve Organic Fruit Punch 3 Boxes,Apple & Eve,"100% Fruit Juice (Filtered Water Sufficient to Reconstitute Organic Apple,Organic Strawberry and Organic Cherry Juice Concentrates),Natural Flavors,Citric Acid,Ascorbic Acid (Vitamin C).,100 Fruit Juice (Filtered Water Sufficient to Reconstitute Organic Apple, Organic Strawberry And Organic Cherry Juice Concentrates),Ascorbic Acid (Vitamin C),.","100 fruit juice filtered water sufficient to reconstitute organic apple,organic strawberry and organic cherry juice concentrates,natural flavors,citric acid,ascorbic acid vitamin c,100 fruit juice filtered water sufficient to reconstitute organic apple, organic strawberry and organic cherry juice concentrates,ascorbic acid vitamin c,",0,0,0,0,0,1,0,0,Low,0,1
"Martha White Self-Rising Flour, 32 oz",Martha White,"Enriched Bleached Flour (Wheat Flour,Niacin,Iron,Thiamin Mononitrate,Riboflavin,Folic Acid),Baking Powder (Baking Soda,Sodium Aluminum Phosphate,Monocalcium Phosphate),Salt,Calcium Sulfate. Contains Wheat Ingredients.,Enriched Bleached Flour (Wheat Flour, Niacin, Iron, Thiamin Mononitrate, Riboflavin, Folic Acid),Baking Powder (Baking Soda, Sodium Aluminum Phosphate, Monocalcium Phosphate)","enriched bleached flour wheat flour,niacin,iron,thiamin mononitrate,riboflavin,folic acid,baking powder baking soda,sodium aluminum phosphate,monocalcium phosphate,salt,calcium sulfate contains wheat ingredients,enriched bleached flour wheat flour, niacin, iron, thiamin mononitrate, riboflavin, folic acid,baking powder baking soda, sodium aluminum phosphate, monocalcium phosphate",0,0,0,1,0,0,0,1,Low,0,0
"Marinela Pinguinos Cream-Filled Chocolate Cupcake, 2.82 oz",Marinela,"Sugar,Nonfat Milk,Water,Wheat Flour,High Fructose Corn Syrup,Vegetable Shortening (Partially Hydrogenated Soybean And/Or Palm Oil),Egg,Cocoa (Processed With Alkali),Glycerin,Dextrose,Soy Lecithin,Modified Corn Starch,Egg Whites,Baking Soda,Sodium Aluminum Sulfate,Calcium Sulfate,Monocalcium Phosphate,Sorbitol,Monoglycerides,Polyglycerol Esters Of Fatty Acids,Preservatives (Sodium Propionate,Sorbic Acid,Potassium Sorbate),Oat Fiber,Maltodextrin,Iodized Salt,Natural And Artificial Flavors,Agar,Whey Protein,Sorbitan Monostearate,Polysorbate 60,Ascorbic Acid,Vitamin A Acetate,Niacin,Vitamin E Acetate,Zinc Oxide,Reduced Iron,Pyridoxine Hcl (Vitamin B6),Riboflavin,Thiamin Mononitrate,Potassium Iodide,Folic Acid,Cyanocobalamin (Vitamin B12),Locust Bean Gum,Cellulose Gum,Xanthan Gum,Gelatin,Artificial Color,Guar Gum,Carrageenan,Calcium Carbonate,Ferrous Sulfate.","sugar,nonfat milk,water,wheat flour,high fructose corn syrup,vegetable shortening partially hydrogenated soybean andor palm oil,egg,cocoa processed with alkali,glycerin,dextrose,soy lecithin,modified corn starch,egg whites,baking soda,sodium aluminum sulfate,calcium sulfate,monocalcium phosphate,sorbitol,monoglycerides,polyglycerol esters of fatty acids,preservatives sodium propionate,sorbic acid,potassium sorbate,oat fiber,maltodextrin,iodized salt,natural and artificial flavors,agar,whey protein,sorbitan monostearate,polysorbate 60,ascorbic acid,vitamin a acetate,niacin,vitamin e acetate,zinc oxide,reduced iron,pyridoxine hcl vitamin b6,riboflavin,thiamin mononitrate,potassium iodide,folic acid,cyanocobalamin vitamin b12,locust bean gum,cellulose gum,xanthan gum,gelatin,artificial color,guar gum,carrageenan,calcium carbonate,ferrous sulfate",1,1,0,1,1,0,1,1,High,2,0
Weight Watchers Smart Onesï¿½ï¿½ Smart Creations Chicken Carbonara 9.25 oz. Box,Weight Watchers Smart Ones,"Sauce (Water,Romano Cheese from Cow's Milk [Cultured Milk,Salt,Enzymes],Nonfat Milk,Parmesan Cheese [Cultured Part-Skim Milk,Onions,Modified Food Starch,Uncured Smoked Bacon--No Nitrites or Nitrates Other than those Naturally Occurring in Celery Powder [Pork,Water,Brown Sugar,Less than 2% of: Salt,Vinegar,Celery Powder],Dehydrated Garlic,Spice,Soybean Oil,Butter [Cream,Salt],Sodium Phosphate,Lactic Acid,Natural Flavors,Egg Yolk Solids,Vinegar),Cooked Enriched Pasta Product (Water,Enriched Pasta Product [Semolina Wheat Flour,Whole Wheat Flour,Modified Wheat Starch,Niacin,Iron,Thiamine Mononitrate,Riboflavin,Folic Acid]),Cooked Roasted White Chicken Meat (White Chicken Meat,Modified Tapioca Starch,Sugar,Dextrose,Modified Potato Starch),Peas,Red Bell Peppers.","sauce water,romano cheese from cows milk cultured milk,salt,enzymes,nonfat milk,parmesan cheese cultured partskim milk,onions,modified food starch,uncured smoked baconno nitrites or nitrates other than those naturally occurring in celery powder pork,water,brown sugar,less than 2 of salt,vinegar,celery powder,dehydrated garlic,spice,soybean oil,butter cream,salt,sodium phosphate,lactic acid,natural flavors,egg yolk solids,vinegar,cooked enriched pasta product water,enriched pasta product semolina wheat flour,whole wheat flour,modified wheat starch,niacin,iron,thiamine mononitrate,riboflavin,folic acid,cooked roasted white chicken meat white chicken meat,modified tapioca starch,sugar,dextrose,modified potato starch,peas,red bell peppers",1,0,0,1,0,0,0,1,Medium,1,0
"Gummi Rings, Peach 5 oz (112 g)",Smart Sense,"Corn Syrup,Sugar,Gelatin,White Grape Juice,Sorbitol,Citric Acid,Natural and Artificial Flavors,Artificial Colors Including (Yellow 5, Yellow 6 and Red 40),Titanium Dioxide (for Color),.","corn syrup,sugar,gelatin,white grape juice,sorbitol,citric acid,natural and artificial flavors,artificial colors including yellow 5, yellow 6 and red 40,titanium dioxide for color,",1,0,0,0,0,0,0,0,Low,0,2
"Pasta Roni Olive Oil _ Italian Herb Flavor Natures Way, 4.60 oz",Pasta-A-Roni,"Contains wheat, milk and soy ingredients.","contains wheat, milk and soy ingredients",0,0,0,0,0,0,0,1,Low,0,0
"Southeastern Mills Gravy Mix, Peppered, 4.5-Ounce Packages (Pack of 24)",Southeastern Mills,"Partially Hydrogenated Soybean Oil,Modified Corn Starch,Enriched Wheat Flour (Niacin, Reduced Iron, Thiamine Mononitrate, Riboflavin, Folic Acid),Corn Syrup Solids,Salt,Sodium Caseinate,Black Pepper,Mono and Diglycerides,Dipotassium Phosphate,Sodium Silicoaluminate,Soy Lecithin,Caramel Color.","partially hydrogenated soybean oil,modified corn starch,enriched wheat flour niacin, reduced iron, thiamine mononitrate, riboflavin, folic acid,corn syrup solids,salt,sodium caseinate,black pepper,mono and diglycerides,dipotassium phosphate,sodium silicoaluminate,soy lecithin,caramel color",1,0,0,1,0,1,1,1,High,2,0
"Candies, Bite Size, Original, 4.0 oz (113.4 g)",Skittles,"Sugar,Corn Syrup,Hydrogenated Palm Kernel Oil,Less than 2 of: Apple Juice From Concentrate,Citric Acid,Tapioca Dextrin,Modified Corn Starch,Natural and Artificial Flavors,Ascorbic Acid (Vitamin C),Colors (Red 40 Lake, Titanium Dioxide, Red 40, Yellow 5 Lake, Yellow 5, Yellow 6 Lake, Yellow 6, Blue 2 Lake, Blue 1, Blue 1 Lake),Sodium Citrate,Carnauba Wax.","sugar,corn syrup,hydrogenated palm kernel oil,less than 2 of apple juice from concentrate,citric acid,tapioca dextrin,modified corn starch,natural and artificial flavors,ascorbic acid vitamin c,colors red 40 lake, titanium dioxide, red 40, yellow 5 lake, yellow 5, yellow 6 lake, yellow 6, blue 2 lake, blue 1, blue 1 lake,sodium citrate,carnauba wax",1,1,0,1,0,0,1,0,High,2,2
Equal Sugar Substitute 115ct,International Delight,"Dextrose With Maltodextrin,Aspartame,Acesulfame Potassium.","dextrose with maltodextrin,aspartame,acesulfame potassium",1,0,1,0,0,0,1,0,High,2,2
Junior Mints,Junior Mints,"Sugar,Semi-sweet Chocolate (Sugar, Chocolate, Cocoa Butter, Soya Lecithin - An Emulsifier, Vanillin - An Artificial Flavor),Corn Syrup,Confectioner's Glaze,Modified Food Starch,Peppermint Oil,Invertase (An Enzyme),Soya Albumin (A Protein),Gelatin.","sugar,semisweet chocolate sugar, chocolate, cocoa butter, soya lecithin  an emulsifier, vanillin  an artificial flavor,corn syrup,confectioners glaze,modified food starch,peppermint oil,invertase an enzyme,soya albumin a protein,gelatin",1,0,0,0,0,0,0,1,Low,0,1
"Johnny's Seasoning Salt, 4.75 Ounces, Pack of 6",Johnny's,"Sea Salt,Monosodium Glutamate,Pepper,Paprika,Garlic (Dehydrated),Spices (Dehydrated),.","sea salt,monosodium glutamate,pepper,paprika,garlic dehydrated,spices dehydrated,",0,0,0,1,0,0,0,0,Low,0,1
Art of Appreciation Gift Baskets Gods Promises Sympathy Gift Basket,Art of Appreciation Gift Baskets,Please see product description for full details on this gift basket.,please see product description for full details on this gift basket,0,0,0,0,0,0,0,0,Low,0,1
"Jolly Rancher Singles To Go! Low Calorie Drink Mix Sugar Free Cherry - 6 PK, 0.57 OZ",Jolly Rancher,"Malic Acid,Maltodextrin,Sodium Citrate,Aspartameâ€ ,Contains 2% or less of the following: Natural and Artificial Flavor,Acesulfame Potassium,Red 40.","malic acid,maltodextrin,sodium citrate,aspartame,contains 2 or less of the following natural and artificial flavor,acesulfame potassium,red 40",1,0,1,1,0,0,1,0,High,2,2
Food to Live Organic Sunflower Seeds (Hulled) (1 Pound),Food to Live,Organic Sunflower Seeds,organic sunflower seeds,0,0,0,0,0,0,0,0,Low,0,1
"Goya Hoppin??? John Seasoned Rice With Blackeye Peas, 8 Oz",Goya Food,"Long Grain Parboiled Rice Enriched With Iron !(Ferric Orthophosphate),Niacin,Thiamine (Thiamine Mononitrate),Folic Acid,Black Eye Peas (Black Eye Peas, Sugar, Calcium Chloride),Bacon Flavor (Maltodextrin, Salt, Pork Stock, Rendered Bacon Fat, Chiken Stock, Autolyzed Yeast Extract, Natural and Artificial Flavors, Medium Chain Triglycerides, Beef Stock, Partially Hydrogenated Soybean Oil, Onion Powder, Tocopherol, Natural Smoke Flavor and Citric Acid),Salt,Dehydrated Onion,Dehydrated Garlic,Red Pepper. Milk,Egg,Wheat,Peanut,Soybean,Tree Nuts,Crustacean Shell Fish and Fish. Great taste and nutrition,Authentic Latino cuisine,Great taste and nutrition,Authentic Latino cuisine","long grain parboiled rice enriched with iron ferric orthophosphate,niacin,thiamine thiamine mononitrate,folic acid,black eye peas black eye peas, sugar, calcium chloride,bacon flavor maltodextrin, salt, pork stock, rendered bacon fat, chiken stock, autolyzed yeast extract, natural and artificial flavors, medium chain triglycerides, beef stock, partially hydrogenated soybean oil, onion powder, tocopherol, natural smoke flavor and citric acid,salt,dehydrated onion,dehydrated garlic,red pepper milk,egg,wheat,peanut,soybean,tree nuts,crustacean shell fish and fish great taste and nutrition,authentic latino cuisine,great taste and nutrition,authentic latino cuisine",1,0,0,0,0,0,1,1,Medium,1,0
"York Peppermint Patties, 13 oz (368 g)",Reese's,"Sugar,Semi-Sweet Chocolate (Semi-Sweet Chocolate Contains Chocolate, Sugar, Lactose, Cocoa, Cocoa Butter, Milk Fat, Soya Lecithin and PGPR, as Emulsifiers, and Vanillin, an Artificial Corn Syrup),Invert Sugar,Egg Whites,and Oil of Peppermint.","sugar,semisweet chocolate semisweet chocolate contains chocolate, sugar, lactose, cocoa, cocoa butter, milk fat, soya lecithin and pgpr, as emulsifiers, and vanillin, an artificial corn syrup,invert sugar,egg whites,and oil of peppermint",1,0,0,0,0,0,0,1,Low,0,0
all Liquid Laundry Detergent,all,"Cleaning Agents (Anionic and Non-Ionic Surfactants), Buffering Agent, Stabilizer, Perfume, Brightening Agent, Colorant,Cleaning Agents (Anionic and Non-Ionic Surfactants),Buffering Agent,Stabilizer,Perfume,Brightening Agent,Colorant","cleaning agents anionic and nonionic surfactants, buffering agent, stabilizer, perfume, brightening agent, colorant,cleaning agents anionic and nonionic surfactants,buffering agent,stabilizer,perfume,brightening agent,colorant",0,0,0,0,0,0,0,0,Low,0,1
"Zatarain's New Orleans Style Southern Stroganoff Pasta Dinner Mix, 6.5 oz",Zatarain's,"Enriched Pasta Product (Durum (Wheat),Niacin,Iron,Thiamine Mononitrate,Riboflavin,Folic Acid),Enriched Wheat Flour (Flour,Salt,Modified Corn Starch,Sour Cream (Cream,Nonfat Milk,Cultures),Onion,Garlic,Yeast Extract,Partially Hydrogenated Soybean Oil,Corn Syrup Solids,Spices (Including Red Pepper),Cultured Nonfat Milk,Disodium Inosinate & Disodium Guanylate (Flavor Enhancer),Hydrolyzed Corn Gluten & Soy Protein,Beef Stock,Citric Acid,Sugar,Sodium Caseinate (Milk),Caramel Color,Lactic Acid,Vegetables (Carrot,Garlic),Natural Flavor,and Beef Fat.,Enriched Pasta Product (Durum (Wheat), Niacin, Iron, Thiamine Mononitrate, Riboflavin, Folic Acid),Enriched Wheat Flour (Flour, Niacin, Iron, Thiamine Mononitrate, Riboflavin, Folic Acid),Sour Cream (Cream, Nonfat Milk, Cultures),Vegetables (Carrot, Onion, Garlic)","enriched pasta product durum wheat,niacin,iron,thiamine mononitrate,riboflavin,folic acid,enriched wheat flour flour,salt,modified corn starch,sour cream cream,nonfat milk,cultures,onion,garlic,yeast extract,partially hydrogenated soybean oil,corn syrup solids,spices including red pepper,cultured nonfat milk,disodium inosinate  disodium guanylate flavor enhancer,hydrolyzed corn gluten  soy protein,beef stock,citric acid,sugar,sodium caseinate milk,caramel color,lactic acid,vegetables carrot,garlic,natural flavor,and beef fat,enriched pasta product durum wheat, niacin, iron, thiamine mononitrate, riboflavin, folic acid,enriched wheat flour flour, niacin, iron, thiamine mononitrate, riboflavin, folic acid,sour cream cream, nonfat milk, cultures,vegetables carrot, onion, garlic",1,0,0,1,0,1,1,1,High,2,0
"Happy Belly Sweet & Spicy Trail Mix, 40 Ounce",Happy Belly,"Peanuts, Butter Toffee Peanuts (Peanuts, Sugar, Butter [Milk], Salt), Cajun Sesame Sticks (Enriched Wheat Flour [Unbleached Wheat Flour, Malted Barley Flour, Niacin, Iron [Reduced Iron], Thiamine Mononitrate, Riboflavin, Folic Acid], Soybean Oil, Sesame Seeds, Bulgur Wheat, Cajun Seasoning [Salt, Spices [Includes Paprika For Color], Dehydrated Onion, Torula Yeast, Green Bell Pepper, Dehydrated Garlic, Cocoa Powder [Processed With Alkali], Paprika Oleoresin [Color]], Salt, Beet Powder [Color], Turmeric [Color]), Toasted Corn (Corn, High Oleic Canola Oil, Corn Oil, Salt), Honey Sesame Sticks (Enriched Wheat Flour [Unbleached Wheat Flour, Malted Barley Flour, Niacin, Iron [Reduced Iron], Thiamine Mononitrate, Riboflavin, Folic Acid], Soybean Oil, Sesame Seeds, Honey Coating [Sucrose, Honey, Wheat Starch], Bulgur Wheat, Water, Tack Blend [Maltodextrin, Xanthan Gum], Salt, Beet Powder [Color], Turmeric [Color], Almonds, Spicy Seasoning [Salt, Ground Chili Peppers, Ground Cayenne Peppers, Spice Extractives, Torula Yeast, Natural Flavors, Silicon Dioxide [Less Than 2% To Prevent Caking]), Vegetable Oil (May Contain One Or More Of The Following: Peanut, Canola, Sunflower And/Or Soybean Oil), Sea Salt.,Peanuts,Butter Toffee Peanuts (Peanuts, Sugar, Butter [Milk], Salt),Cajun Sesame Sticks (Enriched Wheat Flour [Unbleached Wheat Flour, Malted Barley Flour, Niacin, Iron [Reduced Iron], Thiamine Mononitrate, Riboflavin, Folic Acid], Soybean Oil, Sesame Seeds, Bulgur Wheat, Cajun Seasoning [Salt, Spices [Includes Paprika For Color], Dehydrated Onion, Torula Yeast, Green Bell Pepper, Dehydrated Garlic, Cocoa Powder [Processed With Alkali], Paprika Oleoresin [Color]], Salt, Beet Powder [Color], Turmeric [Color]),Toasted Corn (Corn, High Oleic Canola Oil, Corn Oil, Salt),Honey Sesame Sticks (Enriched Wheat Flour [Unbleached Wheat Flour, Malted Barley Flour, Niacin, Iron [Reduced Iron], Thiamine Mononitrate, Riboflavin, Folic Acid], Soybean Oil, Sesame Seeds, Honey Coating [Sucrose, Honey, Wheat Starch], Bulgur Wheat, Water, Tack Blend [Maltodextrin, Xanthan Gum], Salt, Beet Powder [Color], Turmeric [Color], Almonds, Spicy Seasoning [Salt, Ground Chili Peppers, Ground Cayenne Peppers, Spice Extractives, Torula Yeast, Natural Flavors, Silicon Dioxide [Less Than 2% To Prevent Caking]),Vegetable Oil (May Contain One Or More Of The Following: Peanut, Canola, Sunflower And/Or Soybean Oil),Sea Salt.","peanuts, butter toffee peanuts peanuts, sugar, butter milk, salt, cajun sesame sticks enriched wheat flour unbleached wheat flour, malted barley flour, niacin, iron reduced iron, thiamine mononitrate, riboflavin, folic acid, soybean oil, sesame seeds, bulgur wheat, cajun seasoning salt, spices includes paprika for color, dehydrated onion, torula yeast, green bell pepper, dehydrated garlic, cocoa powder processed with alkali, paprika oleoresin color, salt, beet powder color, turmeric color, toasted corn corn, high oleic canola oil, corn oil, salt, honey sesame sticks enriched wheat flour unbleached wheat flour, malted barley flour, niacin, iron reduced iron, thiamine mononitrate, riboflavin, folic acid, soybean oil, sesame seeds, honey coating sucrose, honey, wheat starch, bulgur wheat, water, tack blend maltodextrin, xanthan gum, salt, beet powder color, turmeric color, almonds, spicy seasoning salt, ground chili peppers, ground cayenne peppers, spice extractives, torula yeast, natural flavors, silicon dioxide less than 2 to prevent caking, vegetable oil may contain one or more of the following peanut, canola, sunflower andor soybean oil, sea salt,peanuts,butter toffee peanuts peanuts, sugar, butter milk, salt,cajun sesame sticks enriched wheat flour unbleached wheat flour, malted barley flour, niacin, iron reduced iron, thiamine mononitrate, riboflavin, folic acid, soybean oil, sesame seeds, bulgur wheat, cajun seasoning salt, spices includes paprika for color, dehydrated onion, torula yeast, green bell pepper, dehydrated garlic, cocoa powder processed with alkali, paprika oleoresin color, salt, beet powder color, turmeric color,toasted corn corn, high oleic canola oil, corn oil, salt,honey sesame sticks enriched wheat flour unbleached wheat flour, malted barley flour, niacin, iron reduced iron, thiamine mononitrate, riboflavin, folic acid, soybean oil, sesame seeds, honey coating sucrose, honey, wheat starch, bulgur wheat, water, tack blend maltodextrin, xanthan gum, salt, beet powder color, turmeric color, almonds, spicy seasoning salt, ground chili peppers, ground cayenne peppers, spice extractives, torula yeast, natural flavors, silicon dioxide less than 2 to prevent caking,vegetable oil may contain one or more of the following peanut, canola, sunflower andor soybean oil,sea salt",1,1,0,0,0,0,1,1,High,2,0
Bulk Orange Slices Jelly Candy,Kauffman's Fruit Farm,"Corn Syrup,Sucrose,Food Starch- Modified,Dextrose,Natural and Artificial Flavors,Yellow 6 and Red 40. **Manufactured in a facility that also manufacture's products containing eggs.","corn syrup,sucrose,food starch modified,dextrose,natural and artificial flavors,yellow 6 and red 40 manufactured in a facility that also manufactures products containing eggs",1,0,0,0,0,0,0,0,Low,0,2
Aunt JemimaÂ® Self-Rising Flour 80 oz. Bag,Aunt Jemima,"Enriched Bleach Flour (Bleached Wheat Flour,Niacin,Reduced Iron,Thiamin Mononitrate,Riboflavin,Folic Acid),Leavening (Monocalcium Phosphate,Sodium Bicarbonate),Salt.,Enriched Bleach Flour (Bleached Wheat Flour, Niacin, Reduced Iron, Thiamin Mononitrate, Riboflavin, Folic Acid),Leavening (Monocalcium Phosphate, Sodium Bicarbonate)","enriched bleach flour bleached wheat flour,niacin,reduced iron,thiamin mononitrate,riboflavin,folic acid,leavening monocalcium phosphate,sodium bicarbonate,salt,enriched bleach flour bleached wheat flour, niacin, reduced iron, thiamin mononitrate, riboflavin, folic acid,leavening monocalcium phosphate, sodium bicarbonate",0,0,0,1,0,0,0,1,Low,0,0
Pepperidge Farm174 Goldfish Original Saltine Baked Snack Crackers - 6.6oz,Goldfish,"Made with Smiles and: Unbleached Enriched Wheat Flour (Flour, Niacin, Reduced Iron, Thiamine Mononitrate (Vitamin B1], Riboflavin [Vitamin B2], Folic Acid), Vegetable Oils (Canola, Sunflower and/or Soybean), Nonfat Milk (Adds a Trivial Amount of Cholesterol), Salt, Contains 2 Percent or Less of: Yeast, Leavening (Ammonium Bicarbonate, Baking Soda, Monocalcium Phosphate), Sugar, Paprika, Spices and Dehydrated Onions.","made with smiles and unbleached enriched wheat flour flour, niacin, reduced iron, thiamine mononitrate vitamin b1, riboflavin vitamin b2, folic acid, vegetable oils canola, sunflower andor soybean, nonfat milk adds a trivial amount of cholesterol, salt, contains 2 percent or less of yeast, leavening ammonium bicarbonate, baking soda, monocalcium phosphate, sugar, paprika, spices and dehydrated onions",1,1,0,0,0,0,0,1,Medium,1,0
"Dynasty Cantonese Beef _ Broccoli Seasoning Mix, 1 oz",Dynasty,"Ingredients: Modified Cornstarch,Salt,Sugar,Beef Flavor,Chicken Flavor (Chicken,Chicken Skin,Chicken Broth,Natural Flavor),Soy Sauce Powder (Soy Sauce [Water,Soybeans,Wheat,Salt],Maltodextrin,Salt),Hydrolyzed Vegetable Protein (Hydrolyzed Corn Gluten,Wheat Protein,Soy Protein,Autolyzed Yeast Extract,Hydrogenated Soybean And Cottonseed Oil),Garlic Powders,Nonfat Dry  Milk,Sherry Wine Powder (Maltodextrin,Modified Cornstarch,Sherry Wine Solids,Corn Syrup,Malic Acid,Sulfites,Ginger Powder,Caramel Color,Spices,Torula Yeast Extract.  Produced In A Facility That Uses Treenuts,Shellfish,Fish And Seeds","modified cornstarch,salt,sugar,beef flavor,chicken flavor chicken,chicken skin,chicken broth,natural flavor,soy sauce powder soy sauce water,soybeans,wheat,salt,maltodextrin,salt,hydrolyzed vegetable protein hydrolyzed corn gluten,wheat protein,soy protein,autolyzed yeast extract,hydrogenated soybean and cottonseed oil,garlic powders,nonfat dry  milk,sherry wine powder maltodextrin,modified cornstarch,sherry wine solids,corn syrup,malic acid,sulfites,ginger powder,caramel color,spices,torula yeast extract  produced in a facility that uses treenuts,shellfish,fish and seeds",1,0,0,0,0,1,1,1,High,2,0
"Gold Emblem Creamy Peanut Butter, 18 OZ",Gold Emblem,"Ingredients Roasted Peanuts, Sugar, Hydrogenated Vegetable Oils (Rapeseed Cottonseed Soybean), Salt, Molasses, Contains Peanuts.Nutrition FactsServing Size 2 TbspServings Per Container NutrientAmount per Serving Daily ValueCalories180160Saturated Fat2.5g12Sodium140mg6Sugars3g160Protein7g160,Ingredients Roasted Peanuts,Sugar,Hydrogenated Vegetable Oils (Rapeseed Cottonseed Soybean),Salt,Molasses,Contains Peanuts.Nutrition FactsServing Size 2 TbspServings Per Container NutrientAmount per Serving Daily ValueCalories180160Saturated Fat2.5g12Sodium140mg6Sugars3g160Protein7g160","ingredients roasted peanuts, sugar, hydrogenated vegetable oils rapeseed cottonseed soybean, salt, molasses, contains peanutsnutrition factsserving size 2 tbspservings per container nutrientamount per serving daily valuecalories180160saturated fat25g12sodium140mg6sugars3g160protein7g160,ingredients roasted peanuts,sugar,hydrogenated vegetable oils rapeseed cottonseed soybean,salt,molasses,contains peanutsnutrition factsserving size 2 tbspservings per container nutrientamount per serving daily valuecalories180160saturated fat25g12sodium140mg6sugars3g160protein7g160",1,1,0,1,0,0,0,1,Medium,1,1
MiraBurst Miracle Berry Fruit EASY-MELT Tablets,MiraBurst,"Main Ingredient: Miracle Fruit (aka: Miracle Berry),. Other Ingredients: Mannitol,xylitol,modified cellulose,and magnesium vegetable stearate","main ingredient miracle fruit aka miracle berry, other  mannitol,xylitol,modified cellulose,and magnesium vegetable stearate",0,0,0,0,0,0,0,0,Low,0,1
"Lavender and Peach Multi-Surface Cleaner, 26 oz",Windex,"Water,2-Hexoxyethanol,Sodium C14-17 Sec-Alkyl Sulfonate,Butoxypropanol,Propylene Glycol,Fragrance,Sodium Dodecylbenzene Sulfonate,Sodium Hydroxide,Liquitint Red ST Dye,Liquitint Blue HP Dye","water,2hexoxyethanol,sodium c1417 secalkyl sulfonate,butoxypropanol,propylene glycol,fragrance,sodium dodecylbenzene sulfonate,sodium hydroxide,liquitint red st dye,liquitint blue hp dye",0,0,0,1,0,0,0,0,Low,0,2
"Diet 7UP, 20 fl oz",7up,"FILTERED CARBONATED WATER,CITRIC ACID,POTASSIUM CITRATE,POTASSIUM BENZOATE (PRESERVATIVE),NATURAL FLAVORS,ASPARTAME,ACESULFAME POTASSIUM,CALCIUM DISODIUM EDTA (TO PROTECT FLAVOR),Filtered Carbonated Water And Contains 2 Or Less of Each of The Following: Natural Flavors,Citric Acid,Potassium Citrate,Potassium Benzoate (Protects Flavor),Aspartame,Acesulfame Potassium,Calcium Disodium Edta (Protects Flavor),. Phenylketonurics: Contains Phenylalanine.","filtered carbonated water,citric acid,potassium citrate,potassium benzoate preservative,natural flavors,aspartame,acesulfame potassium,calcium disodium edta to protect flavor,filtered carbonated water and contains 2 or less of each of the following natural flavors,citric acid,potassium citrate,potassium benzoate protects flavor,aspartame,acesulfame potassium,calcium disodium edta protects flavor, phenylketonurics contains phenylalanine",0,0,1,1,1,0,0,0,Medium,1,2
"Haribo Twin Cherries Gummi Candy, 8 oz",HARIBO,"Corn Syrup,Sugar,Gelatin,Dextrose,Citric Acid,Corn Starch,Artificial and Natural Flavors,Fractionated Coconut Oil,Carnauba Wax,Beeswax Coating,Artificial Colors: Yellow 5,Red 40,Blue 1.","corn syrup,sugar,gelatin,dextrose,citric acid,corn starch,artificial and natural flavors,fractionated coconut oil,carnauba wax,beeswax coating,artificial colors yellow 5,red 40,blue 1",1,0,0,0,0,0,0,0,Low,0,2
"Alessi Spread, Roasted Garlic",Alessi,"Garlic,Soybean Oil,Alessi Extra Virgin Olive Oil,Alessi Sea Salt,Phosphoric Acid,Sodium Benzoate and Potassium Sorbate,as Preservatives.","garlic,soybean oil,alessi extra virgin olive oil,alessi sea salt,phosphoric acid,sodium benzoate and potassium sorbate,as preservatives",0,0,0,1,1,0,0,1,Medium,1,1
Heinz Tomato Ketchup,Heinz,"Tomato Concentrate From Red Ripe Tomatoes, Distilled Vinegar, High Fructose Corn Syrup, Corn Syrup, Salt, Spice, Onion Powder, Natural Flavoring.","tomato concentrate from red ripe tomatoes, distilled vinegar, high fructose corn syrup, corn syrup, salt, spice, onion powder, natural flavoring",1,0,0,0,0,0,0,0,Low,0,2
The Good Bean Chips-Jalapeno Cheddar-5 oz,The Good Bean,"The Good Bean Protein Blend (Chickpeas, Navy Beans, Red Lentils, Pea Protein Isolate),Brown Rice,Tapioca Starch,Expeller-Pressed Safflower Oil,Sweet Potatoes,Quinoa,Vermont Cheddar Cheese (Cultured Milk, Sea Salt, Enzymes),Whey,Dry Buttermilk,Sea Salt,Jalapeno Peppers.","the good bean protein blend chickpeas, navy beans, red lentils, pea protein isolate,brown rice,tapioca starch,expellerpressed safflower oil,sweet potatoes,quinoa,vermont cheddar cheese cultured milk, sea salt, enzymes,whey,dry buttermilk,sea salt,jalapeno peppers",0,0,0,0,0,0,0,1,Low,0,1
"Yucatan Foods Authentic Guacamole, 16 Oz",Yucatan,"Hass Avocado,Salt,Evaporated Cane Juice,Red Bell Pepper,Onion Powder,Garlic Powder,Ascorbic Acid (Vitamin C),Minced Onion,Citric Acid,Xanthan Gum,Jalapeno Pepper,Cilantro.","hass avocado,salt,evaporated cane juice,red bell pepper,onion powder,garlic powder,ascorbic acid vitamin c,minced onion,citric acid,xanthan gum,jalapeno pepper,cilantro",0,0,0,0,0,0,0,0,Low,0,2
Blk Beverages Alkaline Fulvic Trace Mineral Infused Water (2 Pack) 16.9oz Ea,Blk,Ozonated spring water with the blk. proprietary blend of fulvic acid trace mineral complex.,ozonated spring water with the blk proprietary blend of fulvic acid trace mineral complex,0,0,0,0,0,0,0,0,Low,0,2
"Werther's Original Classic Caramel Caramel Popcorn, 6 oz",Werther's Original,"Sugar,Popcorn,Butter,Cream,Corn Syrup,Coconut Oil,Molasses,Sunflower Oil,Salt,Lecithin,Vanillin,Baking Soda.","sugar,popcorn,butter,cream,corn syrup,coconut oil,molasses,sunflower oil,salt,lecithin,vanillin,baking soda",1,0,0,0,0,0,0,0,Low,0,1
Vaniila Beans Grade A by Slofoodgroup Tahitian Vanilla Beans Vanilla Tahitensis from Papua New Guinea Various Sizes Available (10 Tahitian Vanilla Beans),Slofoodgroup,Vanilla Bean Whole Vanilla Tahitensis,vanilla bean whole vanilla tahitensis,0,0,0,0,0,0,0,0,Low,0,1
"Kuner's Garbanzo Beans, No Salt Added 15 Oz (Pack of 6)",Kuner's,"Prepared Garbanzo Beans,Water,Disodium Edta and Sodium Bisulsite (For Color Retention),.","prepared garbanzo beans,water,disodium edta and sodium bisulsite for color retention,",0,0,0,1,0,0,0,0,Low,0,2
Olive Oil,Goya Food,Refined Olive Oil and Virgin Olive Oil.,refined olive oil and virgin olive oil,0,0,0,0,0,0,0,0,Low,0,1
Juice Sour Orange Naranja Agria,Badia,"100 Seville Orange Juice from Concentrate,Xanthan Gum,Sodium Benzoate And Potassium Sorbate (As Preservatives),.","100 seville orange juice from concentrate,xanthan gum,sodium benzoate and potassium sorbate as preservatives,",0,0,0,1,1,1,0,0,Medium,1,2
"Gamesa Chokis Cookies Chocolate Chip 8.7 OZ, 12CT",Gamesa,"Ingredients Enriched Flour (Wheat Flour, Niacinamide, Ferrous Fumarate, Thiamin Mononitrate, Riboflavin, Folic Acid), Chocolatey Flavored Chips (Sugar, Partially Hydrogenated Palm Kernel Oil, Cocoa, Whey, Cocoa Processed with Alkali, Nonfat Dry Milk, Soy Lecithin, Artificial Flavor), Sugar, Vegetable Oil Blend (Palm Oil and,Ingredients Enriched Flour (Wheat Flour, Niacinamide, Ferrous Fumarate, Thiamin Mononitrate, Riboflavin, Folic Acid),Chocolatey Flavored Chips (Sugar, Partially Hydrogenated Palm Kernel Oil, Cocoa, Whey, Cocoa Processed with Alkali, Nonfat Dry Milk, Soy Lecithin, Artificial Flavor),Sugar,Vegetable Oil Blend","ingredients enriched flour wheat flour, niacinamide, ferrous fumarate, thiamin mononitrate, riboflavin, folic acid, chocolatey flavored chips sugar, partially hydrogenated palm kernel oil, cocoa, whey, cocoa processed with alkali, nonfat dry milk, soy lecithin, artificial flavor, sugar, vegetable oil blend palm oil and,ingredients enriched flour wheat flour, niacinamide, ferrous fumarate, thiamin mononitrate, riboflavin, folic acid,chocolatey flavored chips sugar, partially hydrogenated palm kernel oil, cocoa, whey, cocoa processed with alkali, nonfat dry milk, soy lecithin, artificial flavor,sugar,vegetable oil blend",1,1,0,0,0,0,1,1,High,2,0
"Belly Washers Superman No Sugar Added Fruit Punch 100% Juice, 8 oz (Pack of 18)",Belly Washers,"Concentrated Apple,Pear and Grape Juices and Water,Citric Acid,Ascorbic Acid (Vitamin C),Natural Flavors.","concentrated apple,pear and grape juices and water,citric acid,ascorbic acid vitamin c,natural flavors",0,0,0,0,0,0,0,0,Low,0,2
"Wrigley's Big Red Cinnamon Gum, single pack",Big Red,"Made Of: Sugar,Gum Base,Corn Syrup,Natural And Artificial Flavors; Less Than 2% of: Glycerol,Soy Lecithin,Color Added,Acesulfame K,Hydroxylated Soy Lecithin,Aspartame,BHT (To Maintain Freshness).","made of sugar,gum base,corn syrup,natural and artificial flavors less than 2 of glycerol,soy lecithin,color added,acesulfame k,hydroxylated soy lecithin,aspartame,bht to maintain freshness",1,0,1,0,1,0,0,1,Medium,1,2
Rise Foods - Rise Breakfast Bar Crunchy Perfect Pumpkin - 1.4 oz. Formerly Boomi Bar(pack of 3),Rise Foods,"Pumpkin Seeds, Honey, Dates, Raisins, Apricots, Cranberries (Cranberries, Sugar, Sunflower Oil), Amaranth, Crisp Rice, Salt. Contains tree nuts.","pumpkin seeds, honey, dates, raisins, apricots, cranberries cranberries, sugar, sunflower oil, amaranth, crisp rice, salt contains tree nuts",1,0,0,0,0,0,0,0,Low,0,1
CVS Gold Emblem Raw Natural Almonds,CVS Gold Emblem,ALMONDS,almonds,0,0,0,0,0,0,0,0,Low,0,1
Bubble Yum Original Bubble Gum - 10ct,Bubble Yum,"Sugar,Gum Base,Corn Syrup,High Fructose Corn Syrup,Natural and Artificial Flavor,Artificial Color (Includes Red 40 Lake),and BHT to Maintain Freshness.","sugar,gum base,corn syrup,high fructose corn syrup,natural and artificial flavor,artificial color includes red 40 lake,and bht to maintain freshness",1,0,0,0,1,0,0,0,Medium,1,2
Gatorade Orange Sports Drink 20 Oz,Gatorade,"Water,Sugar,Dextrose,Citric Acid,Natural Flavor,Salt,Sodium Citrate,Monopotassium Phosphate,Gum Arabic,Sucrose Acetate Isobutyrate,Glycerol Ester of Rosin,Yellow 6.","water,sugar,dextrose,citric acid,natural flavor,salt,sodium citrate,monopotassium phosphate,gum arabic,sucrose acetate isobutyrate,glycerol ester of rosin,yellow 6",1,0,0,1,0,0,0,0,Medium,1,2
"Planters Variety Pack, 24CT",Planters,"Ingredients Salted cashews Cashews, sea salt, peanut and,Ingredients Salted cashews Cashews,sea salt,peanut and","ingredients salted cashews cashews, sea salt, peanut and,ingredients salted cashews cashews,sea salt,peanut and",0,0,0,0,0,0,0,1,Low,0,1
Juicy Juice174 Orange Tangerine 100 Juice 48 Fl. Oz. Bottle,Juicy Juice,"Apple Juice from Concentrate (Water,Juice Concentrate),Pear Juice from Concentrate (Water,Grape Juice from Concentrate (Water,Orange Juice from Concentrate (Water,Tangerine Juice from Concentrate (Water,Natural Flavors,Ascorbic Acid (Vitamin C),Citric Acid.,Apple Juice from Concentrate (Water, Juice Concentrate),Pear Juice from Concentrate (Water, Juice Concentrate),Grape Juice from Concentrate (Water, Juice Concentrate),Orange Juice from Concentrate (Water, Juice Concentrate),Tangerine Juice from Concentrate (Water, Juice Concentrate)","apple juice from concentrate water,juice concentrate,pear juice from concentrate water,grape juice from concentrate water,orange juice from concentrate water,tangerine juice from concentrate water,natural flavors,ascorbic acid vitamin c,citric acid,apple juice from concentrate water, juice concentrate,pear juice from concentrate water, juice concentrate,grape juice from concentrate water, juice concentrate,orange juice from concentrate water, juice concentrate,tangerine juice from concentrate water, juice concentrate",0,0,0,0,0,0,0,0,Low,0,2
"Domino Sugar Packets, 0.1 oz",Domino Foods,"Sugar,Sugar.","sugar,sugar",1,0,0,0,0,0,0,0,Low,0,2
Golden State Fruit 12 Piece Happy Birthday Chocolate Covered Strawberries,Golden State Fruit,"4 Each Premium Dark Chocolate-dipped Strawberries Drizzled with Yellow and Pink White Chocolate,4 Each White Chocolate-dipped Strawberries Drizzled with Dark Chocolate and Blue White Chocolate,4 Each Premium Dark Chocolate-dipped Strawberries with Multi-Colored Jimmies. Tied with Birthday Ribbon.","4 each premium dark chocolatedipped strawberries drizzled with yellow and pink white chocolate,4 each white chocolatedipped strawberries drizzled with dark chocolate and blue white chocolate,4 each premium dark chocolatedipped strawberries with multicolored jimmies tied with birthday ribbon",0,0,0,0,0,0,0,0,Low,0,1
KL Keller Dijon with Black Truffles Mustard,K.L. Keller,"water, mustard seed, white wine vinegar, salt, black truffle powder, porcini powder, citric acid, truffle essence","water, mustard seed, white wine vinegar, salt, black truffle powder, porcini powder, citric acid, truffle essence",0,0,0,0,0,0,0,0,Low,0,2
"UMF 15+ Manuka Honey Wound and Burn Dressing, 2 Ounce Tube",UMF 15+,"Unbleached Enriched Wheat Flour Flour,Niacin,Reduced Iron,Thiamin Mononitrate (Vitamin B1),Riboflavin (Vitamin B2),Folic Acid,Milk Chocolate Sugar,Cocoa Butter,Whole And Nonfat Milk,Chocolate Liquor,Cocoa Processed With Alkali (Dutched),Soy Lecithin Added As An Emulsifier,Natural Flavors,Vanilla Extract,Sugar,Vegetable Oils (Palm And/Or Interesterified And Hydrogenated Soybean And/Or Hydrogenated Cottonseed),Nonfat Milk,Whole Eggs,Contains 2 Percent Or Less Of: Cornstarch,Egg Whites,Salt,Natural Flavors,Baking Soda And Soy Lecithin.","unbleached enriched wheat flour flour,niacin,reduced iron,thiamin mononitrate vitamin b1,riboflavin vitamin b2,folic acid,milk chocolate sugar,cocoa butter,whole and nonfat milk,chocolate liquor,cocoa processed with alkali dutched,soy lecithin added as an emulsifier,natural flavors,vanilla extract,sugar,vegetable oils palm andor interesterified and hydrogenated soybean andor hydrogenated cottonseed,nonfat milk,whole eggs,contains 2 percent or less of cornstarch,egg whites,salt,natural flavors,baking soda and soy lecithin",1,1,0,0,0,0,1,1,High,2,0
Van Slooten Oldtimers Sneker Zoethoudertjes Zoet (Sweet),Van Slooten,"Sugar,glucosessyrup,gelling Agent (Gelatin),arabic gum,liquorice powder (5%),modified food starch,liquorice root starch,sal-ammoniacsalt,powder-sugar,sugar,shining agent (vegetable oil, beeswax)","sugar,glucosessyrup,gelling agent gelatin,arabic gum,liquorice powder 5,modified food starch,liquorice root starch,salammoniacsalt,powdersugar,sugar,shining agent vegetable oil, beeswax",1,1,0,0,0,0,0,0,Medium,1,1
Revels Bag - 35g - Pack of 12 (35g x 12 Bags),Revels,"Sugar, Skimmed Milk Powder, Cocoa Butter, Palm Fat, Cocoa Mass, Glucose Syrup, Raisins, Sweetened Condensed Skimmed Milk, Lactose, Whey Powder (from Milk), MilkFat, Glucose-Fructose Syrup, Barley Malt Extract, Emulsifiers (Soya Lecithin, E492, E306), Wheat Flour, Palm Oil, Salt, Modified Starch, Raising Agents (E341, E500, E501), Dextrin, Acidity Regulators (E330, E331), Flavourings (contains Celery), Glazing Agent (Pectin), Colours (E160a, E163), Natural Vanilla Extract, Coconut Oil, Milk Chocolate contains Milk Solids 14% minimum, Milk Chocolate contains Vegetable Fats in addition to Cocoa Butter","sugar, skimmed milk powder, cocoa butter, palm fat, cocoa mass, glucose syrup, raisins, sweetened condensed skimmed milk, lactose, whey powder from milk, milkfat, glucosefructose syrup, barley malt extract, emulsifiers soya lecithin, e492, e306, wheat flour, palm oil, salt, modified starch, raising agents e341, e500, e501, dextrin, acidity regulators e330, e331, flavourings contains celery, glazing agent pectin, colours e160a, e163, natural vanilla extract, coconut oil, milk chocolate contains milk solids 14 minimum, milk chocolate contains vegetable fats in addition to cocoa butter",1,1,0,0,0,0,1,1,High,2,0
Nohmad Snack Co - Raw Dark Chocolate - Fruit and Nut (Sprouted Almonds and Currants) - 74% Cacao - Paleo & Vegan friendly (2 pack),Nohmad Snack Co,"Organic Raw Cacao,Organic Maple Sugar,Organic Ra Cacao Butter,Organic Raw Sprouted Almonds,Organic Currants,Sea Salt.","organic raw cacao,organic maple sugar,organic ra cacao butter,organic raw sprouted almonds,organic currants,sea salt",1,0,0,0,0,0,0,0,Low,0,1
"Tea Bags, Green Tea 40 tea bags 3.2 oz (90 g)",Lipton,100 Natural Green Tea.,100 natural green tea,0,0,0,0,0,1,0,0,Low,0,1
"100% Organic Ghee from Grass-fed Cows, 32oz",Ancient Organics,100% Organic Unsalted Sweet Cream Butter,100 organic unsalted sweet cream butter,0,0,0,0,0,1,0,0,Low,0,1
Desert Gardens Posole Seasoning Mix (Pack of 4),Desert Gardens,"Salt, dehydrated onion, red chile, garlic, black pepper, cumin, green chile, oregano, basil, spices.","salt, dehydrated onion, red chile, garlic, black pepper, cumin, green chile, oregano, basil, spices",0,0,0,0,0,0,0,0,Low,0,1
"Lay's Wavy Mango Salsa Potato Chips, 9.5 oz",Ruffles,"potatoes,vegetable oil (sunflower, corn, and/or canola oil),mango salsa seasoning (sugar, maltodextrin made from corn, salt, dextrose, onion powder, spice, natural flavor, red bell pepper, garlic powder, paprika, corn syrup solids, vinegar, mango, gum acacia, and turmeric),.","potatoes,vegetable oil sunflower, corn, andor canola oil,mango salsa seasoning sugar, maltodextrin made from corn, salt, dextrose, onion powder, spice, natural flavor, red bell pepper, garlic powder, paprika, corn syrup solids, vinegar, mango, gum acacia, and turmeric,",1,1,0,0,0,0,1,0,High,2,1
Carrs Whole Wheat Crackers,Carrs,"WHOLE WHEAT FLOUR,PALM OIL,SUGAR,LEAVENING (SODIUM BICARBONATE TARTARIC ACID AMMONIUM BICARBONATE),SALT,INVERT SUGAR,CONTAINS WHEAT,MAY CONTAIN MILK,MAY CONTAIN SOYA,WHOLE WHEAT FLOUR,PALM OIL,SUGAR,LEAVENING (SODIUM BICARBONATE TARTARIC ACID AMMONIUM BICARBONATE),SALT,INVERT SUGAR,CONTAINS WHEAT,MAY CONTAIN MILK,MAY CONTAIN SOYA","whole wheat flour,palm oil,sugar,leavening sodium bicarbonate tartaric acid ammonium bicarbonate,salt,invert sugar,contains wheat,may contain milk,may contain soya,whole wheat flour,palm oil,sugar,leavening sodium bicarbonate tartaric acid ammonium bicarbonate,salt,invert sugar,contains wheat,may contain milk,may contain soya",1,1,0,1,0,0,0,1,Medium,1,0
Sincerely Nuts Cajun Hot and Spicy Trail Mix- Three Lb. Bag- Healthy Mixed Nuts and Seeds- Sealed for Supreme Freshness- 100% Kosher Certified,Sincerely Nuts,"Peanuts,Cajun Sticks,Chili Bits,Almonds,Sesame Sticks,Soybeans","peanuts,cajun sticks,chili bits,almonds,sesame sticks,soybeans",0,0,0,0,0,0,0,1,Low,0,1
"Cento San Marzano Organic Peeled Tomatoes, 28 Ounce (Pack of 6)",Cento,"Organic San Marzano Plum Peeled Tomatoes, Organic San Marzano Puree, Organic Basil Leaf, Naturally Derived Citric Acid and Organic Salt.,Organic San Marzano Plum Peeled Tomatoes,Organic San Marzano Puree,Organic Basil Leaf,Naturally Derived Citric Acid and Organic Salt.","organic san marzano plum peeled tomatoes, organic san marzano puree, organic basil leaf, naturally derived citric acid and organic salt,organic san marzano plum peeled tomatoes,organic san marzano puree,organic basil leaf,naturally derived citric acid and organic salt",0,0,0,0,0,0,0,0,Low,0,1
"Hi Mountain Seasonings Sweet _ Spicy Jerky Cure _ Seasoning Kit, 7.2 oz",Hi Mountain,"Hi Mountain Cure: Salt,Sugar,Sodium Nitrite (.85%),Caramel Color. Sweet & Spicy Seasoning Packet: Sugar,Soy Sauce Powder [Soy Sauce (Wheat,Soybean,Salt),Maltodextrin,Salt],Spices and Chili Peppers,Salt,Onion Powder,Modified Corn Starch,Garlic Powder,Hydrolyzed Soy Protein,Sesame Oil,Caramel Color,Natural Flavors,Pineapple Juice Powder (Corn Syrup Solids and Pineapple Juice Solids),Natural Smoke Flavor,With Not More Than 2% Silicon Dioxide Added As A Processing Aid. Contains Wheat,Soy and Milk.,Soy Sauce Powder [Soy Sauce (Wheat, Soybean, Salt),Spices And Chili Peppers,Pineapple Juice Powder (Corn Syrup Solids And Pineapple Juice Solids),Soy And Milk.","hi mountain cure salt,sugar,sodium nitrite 85,caramel color sweet  spicy seasoning packet sugar,soy sauce powder soy sauce wheat,soybean,salt,maltodextrin,salt,spices and chili peppers,salt,onion powder,modified corn starch,garlic powder,hydrolyzed soy protein,sesame oil,caramel color,natural flavors,pineapple juice powder corn syrup solids and pineapple juice solids,natural smoke flavor,with not more than 2 silicon dioxide added as a processing aid contains wheat,soy and milk,soy sauce powder soy sauce wheat, soybean, salt,spices and chili peppers,pineapple juice powder corn syrup solids and pineapple juice solids,soy and milk",1,0,0,1,0,1,1,1,High,2,0
Lay's Kettle Cooked Original Potato Chips - 8.0oz,Lays,"Potatoes,Vegetable Oil (Sunflower, Corn and/Or Canola Oil),and Sea Salt.","potatoes,vegetable oil sunflower, corn andor canola oil,and sea salt",0,1,0,0,0,0,0,0,Low,0,1
Simply Gum Mint Natural Chewing Gum - Non GMO,Simply Gum,"Organic raw cane sugar, natural chicle base (chicle, candelilla wax, citrus acid), natural flavor, organic vegetable glycerin, organic rice flour,Organic raw cane sugar,natural chicle base (chicle, candelilla wax, citrus acid),natural flavor,organic vegetable glycerin,organic rice flour","organic raw cane sugar, natural chicle base chicle, candelilla wax, citrus acid, natural flavor, organic vegetable glycerin, organic rice flour,organic raw cane sugar,natural chicle base chicle, candelilla wax, citrus acid,natural flavor,organic vegetable glycerin,organic rice flour",1,0,0,0,0,0,0,0,Low,0,1
"Alessi Spaccarelli Sicilian Split Pea Soup, 6 Oz",Alessi,"Dehydrated Green Peas,Pasta (Durum Wheat Semolina (Niacin, Ferrous Sulfate, Thiamine Mononitrate, Riboflavin Added)),Dehydrated Vegetables (Carrots, Onion, Garlic, Tomato),Corn Cereal Solids,Salt,Spices,Torula Yeast,Autolyzed Yeast Extract,Natural Flavors,Smoke Flavor,Sugar,Maltodextrin,Celery Powder,Disodium Inosinate,Disodium Guanylate. Contains Wheat Ingredients.","dehydrated green peas,pasta durum wheat semolina niacin, ferrous sulfate, thiamine mononitrate, riboflavin added,dehydrated vegetables carrots, onion, garlic, tomato,corn cereal solids,salt,spices,torula yeast,autolyzed yeast extract,natural flavors,smoke flavor,sugar,maltodextrin,celery powder,disodium inosinate,disodium guanylate contains wheat ingredients",1,0,0,1,0,0,1,1,High,2,0
Indus Organics Ceylon Cinnamon Powder,Indus Organics,Premium Grade Organic Ceylon Cinnamon Powder,premium grade organic ceylon cinnamon powder,0,0,0,0,0,0,0,0,Low,0,1
"TASSIMO Gevalia French Vanilla Coffee, 4.33 oz",Gevalia,"ARABICA COFFEE,ARTIFICIAL AND NATURAL FLAVOR,Arabica Coffee,Artificial and Natural Flavor.","arabica coffee,artificial and natural flavor,arabica coffee,artificial and natural flavor",0,0,0,0,0,0,0,0,Low,0,1
O-Ke-Doke Hot Cheese Popcorn,O-Ke-Doke,"Popcorn,Corn Oil,Coconut Oil,Maltodextrin,Whey,Buttermilk,Sodium Chloride,Sugar,Cheddar Cheese,Milk,Cheese Cultures,Enzymes,Corn Meal,Natural Flavors,Corn Flour,Sodium Phosphate,Sodium Citrate,Soy Lecithin,Onion Powder,FD&C Yellow 5,Paprika,Autolyzed Yeast Extract,Monosodium Glutamate,FD&C Yellow 6,FD&C Red 40 Lake,Annatto,Natural Flavor","popcorn,corn oil,coconut oil,maltodextrin,whey,buttermilk,sodium chloride,sugar,cheddar cheese,milk,cheese cultures,enzymes,corn meal,natural flavors,corn flour,sodium phosphate,sodium citrate,soy lecithin,onion powder,fdc yellow 5,paprika,autolyzed yeast extract,monosodium glutamate,fdc yellow 6,fdc red 40 lake,annatto,natural flavor",1,0,0,1,0,0,1,1,High,2,2
Trappist Preserve Jam Red Raspbry 12-ounce (pack of 6),TRAPPIST,"Raspberries,Sugar,Corn Syrup,Citric Acid,Fruit Pectin.","raspberries,sugar,corn syrup,citric acid,fruit pectin",1,0,0,0,0,0,0,0,Low,0,2
Ground Cinnamon,Dry-Spice,Ground Cinnamon.,ground cinnamon,0,0,0,0,0,0,0,0,Low,0,1
"Gratify Gluten Free Pretzel Sticks, Sea Salt, 8 Ounce (Pack of 6)",Gratify,"orn Starch, Palm Oil, Potato Starch, Sea Salt, Sugar, Dry Yeast, Cellulose Gum, Soy Lecithin, Leavening (Sodium Bicarbonate, Sodium Acid Pyrophosphate).","orn starch, palm oil, potato starch, sea salt, sugar, dry yeast, cellulose gum, soy lecithin, leavening sodium bicarbonate, sodium acid pyrophosphate",1,1,0,1,0,0,0,1,Medium,1,0
"Jack Daniel's Barbecue Sauce, Spicy Original, 19 Ounce",Jack Daniel's,"Tomato Concentrate (Water, Tomato Paste),High Fructose Corn Syrup,Distilled White Vinegar,Molasses,Water,Salt,Modified Corn Starch,Natural Hickory Smoke Flavoring,Mustard Flour,Caramel Color,Spices,Sodium Benzoate and Potassium Sorbate as Preservatives,Jack Daniel's Tennesee Whiskey Flavoring (Natural and Artificial Flavors),Onion Powder,Garlic Powder,Xanthan Gum","tomato concentrate water, tomato paste,high fructose corn syrup,distilled white vinegar,molasses,water,salt,modified corn starch,natural hickory smoke flavoring,mustard flour,caramel color,spices,sodium benzoate and potassium sorbate as preservatives,jack daniels tennesee whiskey flavoring natural and artificial flavors,onion powder,garlic powder,xanthan gum",1,0,0,1,1,1,0,0,High,2,2
Cola,Diet Rite,"Carbonated Water,Caramel Color,Phosphoric Acid,Sucralose,Citric Acid,Potassium Benzoate (Preservative),Acesulfame Potassium,Natural Flavors,Acacia Gum,Potassium Citrate.","carbonated water,caramel color,phosphoric acid,sucralose,citric acid,potassium benzoate preservative,acesulfame potassium,natural flavors,acacia gum,potassium citrate",0,0,1,0,1,1,0,0,Medium,1,2
Airheads Xtremes Sour Candy,Airheads,"Sugar, Corn Syrup, Wheat Flour, High Fructose Corn Syrup, Corn Starch, Modified Potato Starch, Water, Malic Acid, Citric Acid, CONTAINS LESS THAN 2% OF: GLYCERINE, ARTIFICIAL FLAVORS, POTASSIUM CITRATE, SALT, HYDROGENATED SOYBEAN OIL, ARTIFICIAL COLOR, BLUE 1, RED 40, YELLOW 5, YELLOW 6,Sugar,Corn Syrup,Wheat Flour,High Fructose Corn Syrup,Corn Starch,Modified Potato Starch,Water,Malic Acid,Citric Acid,CONTAINS LESS THAN 2% OF: GLYCERINE,ARTIFICIAL FLAVORS,POTASSIUM CITRATE,SALT,HYDROGENATED SOYBEAN OIL,ARTIFICIAL COLOR,BLUE 1,RED 40,YELLOW 5,YELLOW 6","sugar, corn syrup, wheat flour, high fructose corn syrup, corn starch, modified potato starch, water, malic acid, citric acid, contains less than 2 of glycerine, artificial flavors, potassium citrate, salt, hydrogenated soybean oil, artificial color, blue 1, red 40, yellow 5, yellow 6,sugar,corn syrup,wheat flour,high fructose corn syrup,corn starch,modified potato starch,water,malic acid,citric acid,contains less than 2 of glycerine,artificial flavors,potassium citrate,salt,hydrogenated soybean oil,artificial color,blue 1,red 40,yellow 5,yellow 6",1,0,0,0,0,0,1,1,Medium,1,2
"Light Grey Celtic coarse sea salt, 1 lb. bag - Pack of 2",Celtic Sea Salt,"Sea salt.,Sea salt. Contains no anti-caking or bleaching agents,or any other additives. Certified Kosher.","sea salt,sea salt contains no anticaking or bleaching agents,or any other additives certified kosher",0,0,0,0,0,0,0,0,Low,0,1
"Hodgson Mill Travel Flax Chia, 3.5 oz",Hodgson Mill,"Brown Milled Flax Seed,White Chia .,White Chia Seed.","brown milled flax seed,white chia ,white chia seed",0,0,0,0,0,0,0,0,Low,0,1
"Utz Salt & Pepper Potato Chips, 3.75 Oz",Utz,"Potatoes,Cottonseed Oil,Salt,Whey,Maltodextrin,Spices (Including Black And White Pepper),Sunflower Oil,Sugar,Dextrose,Onion Powder,Sodium Diacetate,Buttermilk,Garlic Powder,Autolyzed Yeast Extract,Natural Flavors,Yeast Extract,Citric Acid,Disodium Inosinate And Disodium Guanylate,Malic Acid,Artificial Flavor. Contains No Hydrogenated Fats.","potatoes,cottonseed oil,salt,whey,maltodextrin,spices including black and white pepper,sunflower oil,sugar,dextrose,onion powder,sodium diacetate,buttermilk,garlic powder,autolyzed yeast extract,natural flavors,yeast extract,citric acid,disodium inosinate and disodium guanylate,malic acid,artificial flavor contains no hydrogenated fats",1,0,0,1,0,0,1,1,High,2,2
Sahale Snacks174 Pomegranate Vanilla Flavored Cashews - 4oz,Sahale Snacks,"Cashews, Dried Apples (Unsulfured Apples, Sugar, Natural Pomegranate Flavor, Citric Acid, Fruit & Vegetable Juice (For Color)), Organic Evaporated Cane Juice, Organic Tapioca Syrup, Brown Sugar, Natural Vanilla Extract, Sea Salt, Dried Pomegranate, Pomegranate Juice Concentrate, Dried Orange Peel, Pure Ground Vanilla Beans,Cashews,Dried Apples (Unsulfured Apples, Sugar, Natural Pomegranate Flavor, Citric Acid, Fruit & Vegetable Juice (For Color)),Organic Evaporated Cane Juice,Organic Tapioca Syrup,Brown Sugar,Natural Vanilla Extract,Sea Salt,Dried Pomegranate,Pomegranate Juice Concentrate,Dried Orange Peel,Pure Ground Vanilla Beans","cashews, dried apples unsulfured apples, sugar, natural pomegranate flavor, citric acid, fruit  vegetable juice for color, organic evaporated cane juice, organic tapioca syrup, brown sugar, natural vanilla extract, sea salt, dried pomegranate, pomegranate juice concentrate, dried orange peel, pure ground vanilla beans,cashews,dried apples unsulfured apples, sugar, natural pomegranate flavor, citric acid, fruit  vegetable juice for color,organic evaporated cane juice,organic tapioca syrup,brown sugar,natural vanilla extract,sea salt,dried pomegranate,pomegranate juice concentrate,dried orange peel,pure ground vanilla beans",1,0,0,0,0,0,0,0,Low,0,1
Chuao Candy Bar,Chuao Chocolatier,"Dark Chocolate (60% Cacao),Sugar,Cacao Butter,Soy Lecithin [As An Emulsifier],Natural Vanilla,),Popping Candy (,Sugar,Corn Glucose,Lactose,Carbon Dioxode,),Chipotle,Pastilla Chile,Salt. Non Gmo Ingredients. Contains: Milk,Soy. Manufactured In A Facility That Uses Tree Nuts,Milk And Wheat In Other Products.","dark chocolate 60 cacao,sugar,cacao butter,soy lecithin as an emulsifier,natural vanilla,,popping candy ,sugar,corn glucose,lactose,carbon dioxode,,chipotle,pastilla chile,salt non gmo ingredients contains milk,soy manufactured in a facility that uses tree nuts,milk and wheat in other products",1,0,0,0,0,0,0,1,Low,0,0
"Keystone Meats All Natural Canned Pork, 14.5 Ounce",Keystone Meats,Pork and Sea Salt.,pork and sea salt,0,0,0,0,0,0,0,0,Low,0,1
Beech-Nut Stage 2 Baby Food,Beech-Nut,"Mango,Kiwi,Papaya","mango,kiwi,papaya",0,0,0,0,0,0,0,0,Low,0,1
"Carrington Chamomile Tea Bags, 20 ct",Carrington Tea,100% Chamomile,100 chamomile,0,0,0,0,0,1,0,0,Low,0,1
Russell Stover Sugar Free Coconut Covered With Chocolate Candy,Russell Stover,"Maltitol Syrup, Chocolate Candy (Maltitol, Chocolate, Cocoa Butter, Sodium Caseinate,Maltitol Syrup,Chocolate Candy","maltitol syrup, chocolate candy maltitol, chocolate, cocoa butter, sodium caseinate,maltitol syrup,chocolate candy",0,0,0,1,0,0,0,0,Low,0,1
The Spice Hunter Garlic Herb Bread Blend,Spice Hunter,"Garlic,Paprika,Onion,Oregano,Basil,Thyme,Cayenne,Marjoram.","garlic,paprika,onion,oregano,basil,thyme,cayenne,marjoram",0,0,0,0,0,0,0,0,Low,0,1
"Hartz Bonanza Guinea Pig Diet Health _ Vitality Blend, 22.5 OZ",Hartz,"Timothy Hay Pellets,Wheat Middlings,Dehydrated Alfalfa Meal,Dried Pineapple,Cracked Corn,Dried Papaya,Soybean Hulls,Dehulled Soybean Meal,Ground Corn,Yellow Split Peas,Calcium Carbonate,Soybean Oil,Beet Molasses,Dried Carrots,Corn Gluten Meal,Dicalcium Phosphate,Dried Bananas,Choline Chloride,Mineral Oil,Salt,Rolled Oats,Potassium Chloride,L-Lysine,L-Ascorbyl-2-Polyphosphate (Source of Vitamin C),Vitamin E Supplement,Ferrous Sulfate,Lignin Sulfonate,DL-Methionine,Sodium Selenite,Zinc Oxide,Rice Hulls,Niacin Supplement,Calcium Pantothenate,Vitamin B12 Supplement,Color Added (Yellow #5,Yellow #6,Blue #1,Titanium Dioxide,Red #40),Copper Sulfate,Magnesium Oxide,Thiamine Mononitrate,Biotin,Manganese Sulfate,Vitamin A Supplement,Manganous Oxide,Zinc Sulfate,Propionic Acid (a Preservative),Yucca Schidigera Extract,Riboflavin Supplement,Calcium Propionate (a Preservative),Folic Acid,Menadione Sodium Bisulfite Complex (Source of Vitamin K activity),Saccharomyces Cerevisiae Yeast Culture,Dried Enterococcus Faecium Fermentation Product,Dried Lactobacillus Acidophillus Fermentation Product,Dried Aspergillus Niger Fermentation Extract,Dried Trichoderma Longibrachiatum Fermentation Extract,Dried Bacillus Subtilis Fermentation Extract,Cobalt Carbonate,Ethylenediamine Dihydriodide,Vitamin D3 Supplement,Pyridoxine Hydrochloride.","timothy hay pellets,wheat middlings,dehydrated alfalfa meal,dried pineapple,cracked corn,dried papaya,soybean hulls,dehulled soybean meal,ground corn,yellow split peas,calcium carbonate,soybean oil,beet molasses,dried carrots,corn gluten meal,dicalcium phosphate,dried bananas,choline chloride,mineral oil,salt,rolled oats,potassium chloride,llysine,lascorbyl2polyphosphate source of vitamin c,vitamin e supplement,ferrous sulfate,lignin sulfonate,dlmethionine,sodium selenite,zinc oxide,rice hulls,niacin supplement,calcium pantothenate,vitamin b12 supplement,color added yellow 5,yellow 6,blue 1,titanium dioxide,red 40,copper sulfate,magnesium oxide,thiamine mononitrate,biotin,manganese sulfate,vitamin a supplement,manganous oxide,zinc sulfate,propionic acid a preservative,yucca schidigera extract,riboflavin supplement,calcium propionate a preservative,folic acid,menadione sodium bisulfite complex source of vitamin k activity,saccharomyces cerevisiae yeast culture,dried enterococcus faecium fermentation product,dried lactobacillus acidophillus fermentation product,dried aspergillus niger fermentation extract,dried trichoderma longibrachiatum fermentation extract,dried bacillus subtilis fermentation extract,cobalt carbonate,ethylenediamine dihydriodide,vitamin d3 supplement,pyridoxine hydrochloride",0,0,0,1,0,0,0,1,Low,0,2
"Sable and Rosenfeld Tipsy Tapas Sweet Peppers, 8.8 Ounce (Pack of 6)",Sable & Rosenfeld,"colza oil, sweet peppers, fresh cheese preparation min 40% fat in dry matter (pasteurized milk, table salt, spices, guar gum and modified starch as thickener)","colza oil, sweet peppers, fresh cheese preparation min 40 fat in dry matter pasteurized milk, table salt, spices, guar gum and modified starch as thickener",0,0,0,0,0,0,1,1,Low,0,0
"Amy's Organic Light in Sodium Chili, Spicy, 14.7 Ounce (Pack of 12)",Amy's,": Organic Red Beans,Organic Onions,Filtered Water,Organic Tofu (Filtered Water, Organic Soybeans, Nigari Magnesium Chloride, A Natural Firming Agent),Organic Bell Peppers,Organic Sweet Rice Flour,Organic High Oleic Safflower and/or Sunflower Oil,Organic Jalapeno Peppers,Organic Garlic,Organic Spices,Sea Salt.","organic red beans,organic onions,filtered water,organic tofu filtered water, organic soybeans, nigari magnesium chloride, a natural firming agent,organic bell peppers,organic sweet rice flour,organic high oleic safflower andor sunflower oil,organic jalapeno peppers,organic garlic,organic spices,sea salt",0,0,0,0,0,0,0,1,Low,0,1
"Fabric Softener Sheets, Spring Fresh 120 count",Smart Sense,Fabric Softener and Fragrance in a Nonwoven Sheet.,fabric softener and fragrance in a nonwoven sheet,0,0,0,0,0,0,0,0,Low,0,1
Xylitol Sweetener Packets,Xlear,Xylitol,xylitol,0,0,0,0,0,0,0,0,Low,0,1
Manischewitz Wide Egg Noodles 12 Oz,Manischewitz,"Durum Flour (Wheat), Egg Yolks Or Eggs, Niacin, Ferrous Sulfate (Iron), Thiamin, Mononitrare, Ribioflavin And Folic Acid.,Durum Flour (Wheat),Egg Yolks or Eggs,Niacin,Ferrous Sulfate (Iron),Thiamine,Mononitrate(Vitamin B1),Riboflavin (Vitamin B2),and Folic Acid.,Egg Yolks Or Eggs,Thiamin,Mononitrare,Ribioflavin And Folic Acid.","durum flour wheat, egg yolks or eggs, niacin, ferrous sulfate iron, thiamin, mononitrare, ribioflavin and folic acid,durum flour wheat,egg yolks or eggs,niacin,ferrous sulfate iron,thiamine,mononitratevitamin b1,riboflavin vitamin b2,and folic acid,egg yolks or eggs,thiamin,mononitrare,ribioflavin and folic acid",0,0,0,0,0,0,0,1,Low,0,0
"La Banderita Chorizo Bolita Sausage, 12 oz",La Banderita,"Pork,Natural Spices,Vinegar,Salt,Paprika,Garlic Sodium Nitrite.","pork,natural spices,vinegar,salt,paprika,garlic sodium nitrite",0,0,0,1,0,0,0,0,Low,0,2
34 Degree Crackers Rosemary 4.5 Oz,34 Degrees,"Unbleached, Enriched Wheat Flour [Wheat Flour, Malted Barley Flour, Niacin, Iron, Thiamin Mononitrate (Vitamin B1), Riboflavin (Vitamin B2), Folic Acid], Natural Cheese Flavor, Rosemary, Salt.","unbleached, enriched wheat flour wheat flour, malted barley flour, niacin, iron, thiamin mononitrate vitamin b1, riboflavin vitamin b2, folic acid, natural cheese flavor, rosemary, salt",0,0,0,0,0,0,0,1,Low,0,0
"Bonne Maman Muscat Grape Jelly, 13 Oz",Bonne Maman,"Grape (Juice And Concentrated Juice),Sugar,Cane Sugar Concentrated Lemon Juice,Fruit Pectin.","grape juice and concentrated juice,sugar,cane sugar concentrated lemon juice,fruit pectin",1,0,0,0,0,0,0,0,Low,0,2
Knorr174 Fiesta Sides Rice Side Dish Spanish Rice - 5.6oz,Knorr,"Enriched Long Grain Rice [Rice,Niacin,Iron,Thiamin Mononitrate (Vitamin B1),Folic Acid],Enriched Vermicelli [Wheat Flour,Riboflavin (Vitamin B2),Vegetables* (Tomatoes,Red Bell Peppers,Chili Peppers,Green Bell Peppers),Salt,Maltodextrin,Sugar,Onion Powder,Spices (Including Paprika),Garlic Powder,Monosodium Glutamate,Citric Acid,Disodium Inosinate,Disodium Guanylate,Natural Flavors,Turmeric Extractive (For Color). *Dried. Made In A Facility That Processes Milk,Egg,Soy,Wheat,Sesame And Sulfites.","enriched long grain rice rice,niacin,iron,thiamin mononitrate vitamin b1,folic acid,enriched vermicelli wheat flour,riboflavin vitamin b2,vegetables tomatoes,red bell peppers,chili peppers,green bell peppers,salt,maltodextrin,sugar,onion powder,spices including paprika,garlic powder,monosodium glutamate,citric acid,disodium inosinate,disodium guanylate,natural flavors,turmeric extractive for color dried made in a facility that processes milk,egg,soy,wheat,sesame and sulfites",1,0,0,1,0,0,1,1,High,2,0
"Keebler Danish Wedding Cookies, 12 oz",Keebler,"Enriched Flour (Wheat Flour,Niacin,Reduced Iron,Thiamin Mononitrate [Vitamin B1],Riboflavin [Vitamin B2],Folic Acid),Sugar,Vegetable Oil (Soybean,Palm and Palm Kernel Oil,Partially Hydrogenated Palm Kernel Oil),Coconut,Dextrose,Whole Grain Oats,Cornstarch,Contains Two Percent or Less of Invert Sugar,Cocoa,Salt,Whey,Leavening (Baking Soda,Monocalcium Phosphate),Cocoa Processed with Alkali,Soy Lecithin,Artificial Flavor.,Enriched Flour,Wheat Flour,Iron,Vitamin B1,Riboflavin,Folic Acid,Soybean Oil,Oils, Glyceridic, Palm Kernel,Tert-Butylhydroquinone,Citric Acid,Partially Hydrogenated Palm Kernel Oil,Sodium Chloride,Sodium Bicarbonate,Monocalcium Phosphate,Artificial Flavor","enriched flour wheat flour,niacin,reduced iron,thiamin mononitrate vitamin b1,riboflavin vitamin b2,folic acid,sugar,vegetable oil soybean,palm and palm kernel oil,partially hydrogenated palm kernel oil,coconut,dextrose,whole grain oats,cornstarch,contains two percent or less of invert sugar,cocoa,salt,whey,leavening baking soda,monocalcium phosphate,cocoa processed with alkali,soy lecithin,artificial flavor,enriched flour,wheat flour,iron,vitamin b1,riboflavin,folic acid,soybean oil,oils, glyceridic, palm kernel,tertbutylhydroquinone,citric acid,partially hydrogenated palm kernel oil,sodium chloride,sodium bicarbonate,monocalcium phosphate,artificial flavor",1,1,0,1,0,0,1,1,High,2,0
Krusteaz Organic Muffin Mix,Krusteaz,"Organic Whole Wheat Flour, Organic Sugar, contains 2% or less of the following: Organic Oat Bran Powder, Organic Soybean Oil, Organic Cocoa (processed with Alkali), Sea Salt, Baking Soda, Xanthan Gum, Organic Natural Flavor (Organic Molasses, Organic Natural Flavor, Natural Flavor), Organic Guar Gum, Organic Natural Flavor (Milk), Monocalcium Phosphate (Leavening), Dicalcium Phosphate (Leavening), Sodium Acid Pyrophosphate (Leavening).","organic whole wheat flour, organic sugar, contains 2 or less of the following organic oat bran powder, organic soybean oil, organic cocoa processed with alkali, sea salt, baking soda, xanthan gum, organic natural flavor organic molasses, organic natural flavor, natural flavor, organic guar gum, organic natural flavor milk, monocalcium phosphate leavening, dicalcium phosphate leavening, sodium acid pyrophosphate leavening",1,0,0,1,0,0,0,1,Medium,1,1
"Archway Classic Flavors, Peanut Butter Cookies",Archway,"Enriched Flour,Unbleached Wheat Flour,Niacin,Iron,Thiamin Mononitrate,Riboflavin,Folic Acid,Peanut Butter,Peanut,Hydrogenated Cottonseed Oil,Rapeseed Oil,Sugar,Canola Oil,Corn Oil,Palm Oil,Soybean Oil,Corn Syrup,Whole Eggs,Invert Sugar,Evaporated Cane Juice Syrup,Pear,Apple Juice Concentrate,Glycerin,Apple Powder,Modified Cornstarch,Oils, Glyceridic, Palm Kernel,Pectin,Soy Lecithin,Citric Acid,Locust Bean Gum,Fructose,Honey,Natural Flavors,Sodium Bicarbonate,Potassium Bitartrate,Ammonium Bicarbonate,Nonfat Dry Milk,Sodium Chloride,Natural Flavor","enriched flour,unbleached wheat flour,niacin,iron,thiamin mononitrate,riboflavin,folic acid,peanut butter,peanut,hydrogenated cottonseed oil,rapeseed oil,sugar,canola oil,corn oil,palm oil,soybean oil,corn syrup,whole eggs,invert sugar,evaporated cane juice syrup,pear,apple juice concentrate,glycerin,apple powder,modified cornstarch,oils, glyceridic, palm kernel,pectin,soy lecithin,citric acid,locust bean gum,fructose,honey,natural flavors,sodium bicarbonate,potassium bitartrate,ammonium bicarbonate,nonfat dry milk,sodium chloride,natural flavor",1,1,0,1,0,0,1,1,High,2,0
Byler's Homemade Amish Country Mango Salsa 16oz,Byler's Relish House,"tomatoes,mangoes,sweet peppers,onions,water,vinegar,sugar,salt,citric acid,spices Volume: 1 PT. (16 Fl Oz.),(473ml),Fat Free,5 calories per serving Daves Specialty Foods is a division of Daves Christmas Wonderland Olde World Market,a WNY tradition and world famous Christmas Store,based in Cheektowaga,NY and serving Buffalo and the WNY area for over 33 yearsClosely guarded old family recipe Open kettle processing (made in small batches),for superior flavor Homemade in Saegertown,Pa in the heart of Amish country Reg. PA Department of Agriculture and FDA inspected This unique mango salsa is way better than what's in your grocery store. All ingredients are harvested,chopped,and prepared naturally in small batches at Byler's Relish House to retain freshness and flavor. The only way to get anything more fresh than straight from the farm would be to grow it yourself. Ingredients: tomatoes,mangoes,sweet peppers,onions,water,vinegar,sugar,salt,citric acid,spices Volume: 1 PT. (16 Fl Oz.),(473ml),Fat Free,5 calories per serving Daves Specialty Foods is a division of Daves Christmas Wonderland Olde World Market,a WNY tradition and world famous Christmas Store,based in Cheektowaga,NY and serving Buffalo and the WNY area for over 33 years. We are proud to share Buffalos rich ethnic heritage and traditions with our specialty food products.","tomatoes,mangoes,sweet peppers,onions,water,vinegar,sugar,salt,citric acid,spices volume 1 pt 16 fl oz,473ml,fat free,5 calories per serving daves specialty foods is a division of daves christmas wonderland olde world market,a wny tradition and world famous christmas store,based in cheektowaga,ny and serving buffalo and the wny area for over 33 yearsclosely guarded old family recipe open kettle processing made in small batches,for superior flavor homemade in saegertown,pa in the heart of amish country reg pa department of agriculture and fda inspected this unique mango salsa is way better than whats in your grocery store all ingredients are harvested,chopped,and prepared naturally in small batches at bylers relish house to retain freshness and flavor the only way to get anything more fresh than straight from the farm would be to grow it yourself  tomatoes,mangoes,sweet peppers,onions,water,vinegar,sugar,salt,citric acid,spices volume 1 pt 16 fl oz,473ml,fat free,5 calories per serving daves specialty foods is a division of daves christmas wonderland olde world market,a wny tradition and world famous christmas store,based in cheektowaga,ny and serving buffalo and the wny area for over 33 years we are proud to share buffalos rich ethnic heritage and traditions with our specialty food products",1,0,0,0,0,0,0,0,Low,0,1
Nielsen-Massey Vanillas 4-oz Pure Vanilla Bean Paste,Nielsen-Massey,"Sugar, water, vanilla extract, vanilla beans, gum tragacant. (A natural thickener). Certified Gluten-Free / Kosher.,Sugar' water' vanilla extract' vanilla beans' gum tragacant. (A natural thickener). OtherIngredients:","sugar, water, vanilla extract, vanilla beans, gum tragacant a natural thickener certified glutenfree  kosher,sugar water vanilla extract vanilla beans gum tragacant a natural thickener other",1,0,0,0,0,0,0,1,Low,0,2
"Long Kows: Vegetables & Eggs Crystal Noodle Soup, 1.83 Oz",Success Rice,"Bean Starch,Potato Starch Soup Block: Small Chinese Cabbage,Egg,Chinese Mushroom,Bok Choy,Salt,Cloud Ear Mushroom,Sugar,Soy Sauce (Water, Soybeans, Wheat, Salt),Lactose,Carrot,Gelatin,Potato Starch,Monosodium Glutamate,Seaweed,White Pepper,Disodium Inosinate,Disodium Buanylate,Carotinoids,Sesame Seed Oil,Disodium Succinate,Natural Vitamin E As Antioxidant. Contains Milk,Wheat,Egg And Soy. Manufactured In A Facility That Also Processes Milk,Egg,Peanuts,Shellfish And Fish Products.","bean starch,potato starch soup block small chinese cabbage,egg,chinese mushroom,bok choy,salt,cloud ear mushroom,sugar,soy sauce water, soybeans, wheat, salt,lactose,carrot,gelatin,potato starch,monosodium glutamate,seaweed,white pepper,disodium inosinate,disodium buanylate,carotinoids,sesame seed oil,disodium succinate,natural vitamin e as antioxidant contains milk,wheat,egg and soy manufactured in a facility that also processes milk,egg,peanuts,shellfish and fish products",1,0,0,1,0,0,0,1,Medium,1,0
truRoots Organic Quinoa 100% Whole Grain Premium Quality,truRoots,Organic Quinoa,organic quinoa,0,0,0,0,0,0,0,0,Low,0,1
"Turkish Pistachios Antep Roasted Salted , In Shell - We Got Nuts (5 LBS.)",We Got Nuts,"Pistachios,Salt.","pistachios,salt",0,0,0,0,0,0,0,0,Low,0,1
"Kraft Macaroni Cheese Dinner, Nickelodeon SpongeBob Squarepants, SpongeBob Shapes 1.9 oz (54 g)",CHEF BOYARDEE,"Pasta (Enriched Wheat Flour Wheat Flour, Niacin, Ferrous Sulfate (Iron), Thiamin Mononitrate (Vitamin B1), Riboflavin (Vitamin B2), Folic Acid, Whole Wheat Flour, Glycerol Monostearate),Cheese Sauce Mix (Whey, Corn Syrup Solids, Palm Oil, Milkfat, Salt, Milk Protein Concentrate, Contains Less than 2 of Medium Chain Triglycerides, Sodium Tripolyphosphate, Citric Acid, Guar Gum, Sodium Phosphate, Natural Flavor, Calcium Phosphate, Lactic Acid, Monosodium Glutamate, Yellow 5, Yellow 6, Artificial Flavor, Cheese Culture, Enzymes),Modified Food Starch,Maltodextrin,Potassium Chloride,Acetylated Monoglycerides,Salt,Medium Chain Triglycerides,Apocarotenal (Color),.","pasta enriched wheat flour wheat flour, niacin, ferrous sulfate iron, thiamin mononitrate vitamin b1, riboflavin vitamin b2, folic acid, whole wheat flour, glycerol monostearate,cheese sauce mix whey, corn syrup solids, palm oil, milkfat, salt, milk protein concentrate, contains less than 2 of medium chain triglycerides, sodium tripolyphosphate, citric acid, guar gum, sodium phosphate, natural flavor, calcium phosphate, lactic acid, monosodium glutamate, yellow 5, yellow 6, artificial flavor, cheese culture, enzymes,modified food starch,maltodextrin,potassium chloride,acetylated monoglycerides,salt,medium chain triglycerides,apocarotenal color,",1,1,0,1,0,0,1,1,High,2,0
"Mccormick Pure Orange, 16 Oz",McCormick,"Alcohol (79),Water and Oil of Orange.","alcohol 79,water and oil of orange",0,0,0,0,0,0,0,0,Low,0,2
"Nabisco Oreos, 3.3 lbs",Oreo,"Sugar,Enriched Flour (Wheat Flour,Niacin,Reduced Iron,Thiamine Mononitrate [Vitamin B1],Riboflavin [Vitamin B2],Folic Acid),High Oleic Canola Oil And/Or Palm Oil And/Or Canola Oil,Cocoa (Processed With Alkali),High Fructose Corn Syrup,Baking Soda,Cornstarch,Salt,Soy Lecithin (Emulsifier),Vanillin-An Artificial Flavor,Chocolate.,Enriched Flour (Wheat Flour, Niacin, Reduced Iron, Thiamine Mononitrate Vitamin B1, Riboflavin Vitamin B2, Folic Acid)","sugar,enriched flour wheat flour,niacin,reduced iron,thiamine mononitrate vitamin b1,riboflavin vitamin b2,folic acid,high oleic canola oil andor palm oil andor canola oil,cocoa processed with alkali,high fructose corn syrup,baking soda,cornstarch,salt,soy lecithin emulsifier,vanillinan artificial flavor,chocolate,enriched flour wheat flour, niacin, reduced iron, thiamine mononitrate vitamin b1, riboflavin vitamin b2, folic acid",1,1,0,0,0,0,0,1,Medium,1,0
Skinny Pop Popcorn .65 oz Original & White Cheddar 100 Calorie Bag Variety Pack of 10 with By The Cup Bag Clip,By The Cup,"Original Popcorn: Popcorn, sunflower oil and salt.White Cheddar Popcorn: Popcorn, sunflower oil, natural non-dairy cheddar flavor, salt, rice flour, natural flavor and lactic acid.,Original Popcorn: Popcorn,sunflower oil and salt.White Cheddar Popcorn: Popcorn,sunflower oil,natural non-dairy cheddar flavor,salt,rice flour,natural flavor and lactic acid.","original popcorn popcorn, sunflower oil and saltwhite cheddar popcorn popcorn, sunflower oil, natural nondairy cheddar flavor, salt, rice flour, natural flavor and lactic acid,original popcorn popcorn,sunflower oil and saltwhite cheddar popcorn popcorn,sunflower oil,natural nondairy cheddar flavor,salt,rice flour,natural flavor and lactic acid",0,0,0,0,0,0,0,0,Low,0,1
16 Bars of Daim Milk Chocolate Crunchy Almond Center Caramel Bars,Daim,"sugar,palm oil,cocoa butter,cocoa mass,whey (milk),almonds,skimmed milk powder,milk fat,whey products (milk),sweetened condensed skimmed,salt,emulsifier (soy lecithin),flavor and seasoning.","sugar,palm oil,cocoa butter,cocoa mass,whey milk,almonds,skimmed milk powder,milk fat,whey products milk,sweetened condensed skimmed,salt,emulsifier soy lecithin,flavor and seasoning",1,1,0,0,0,0,0,1,Medium,1,0
Starbucks Caffe Verona Dark Keurig K-cups,Starbucks,Always 100% Arabica Coffee.,always 100 arabica coffee,0,0,0,0,0,0,0,0,Low,0,1
Kid Twisted Fruit Grape,Clif Bar,"Organic Apple Puree Concentrate,Organic Apple Juice Concentrate,Organic Natural Flavors,Malic Acid,Pectin,Colored with Fruit and Vegetable Juice,Organic Sunflower Oil,Organic Carnauba Wax.Vitamins & Minerals: Ascorbic Acid (Vit. C),Ferric Orthophosphate (Iron).,Organic Apple Puree,Organic Flavors,Malic Acid.","organic apple puree concentrate,organic apple juice concentrate,organic natural flavors,malic acid,pectin,colored with fruit and vegetable juice,organic sunflower oil,organic carnauba waxvitamins  minerals ascorbic acid vit c,ferric orthophosphate iron,organic apple puree,organic flavors,malic acid",0,0,0,0,0,0,0,0,Low,0,1
Crystal Light On The Go Natural Lemonade (Inner),Crystal Light,"Citric Acid,Potassium Citrate,Sodium Citrate,Aspartameâ€ ,Magnesium Oxide,Maltodextrin,Contains Less than 2% of Natural Flavor,Acesulfame Potassium,Soy Lecithin,Artificial Color,Yellow 5,BHA (Preserves Freshness).â€ Phenylketonurics: Contains Phenylalanine.,Aspartameï¿½ï¿½ï¿½,BHA (Preserves Freshness).ï¿½ï¿½ï¿½Phenylketonurics: Contains Phenylalanine.,Aspartame+,BHA (Preserves Freshness). +Phenylketonurics: Contains Phenylalanine.,Citric Acid, Potassium Citrate, Sodium Citrate, +Aspartame, Magnesium Oxide, Maltodextrin, Contains Less Than 2% of Natural Flavor, Acesulfame Potassium, ++Soy Lecithin, Artificial Color, Yellow 5, BHA (Preserves Freshness). +Phenylketonurics: Contains Phenylalanine ++Contains: Soy,CITRIC ACID, POTASSIUM CITRATE, SODIUM CITRATE, +ASPARTAME, MAGNESIUM OXIDE, MALTODEXTRIN, CONTAINS LESS THAN 2% OF NATURAL FLAVOR, ACESULFAME POTASSIUM, ++SOY LECITHIN, ARTIFICIAL COLOR, YELLOW 5, BHA (PRESERVES FRESHNESS). +PHENYLKETONURICS: CONTAINS PHENYLALANINE ++CONTAINS: SOY","citric acid,potassium citrate,sodium citrate,aspartame,magnesium oxide,maltodextrin,contains less than 2 of natural flavor,acesulfame potassium,soy lecithin,artificial color,yellow 5,bha preserves freshnessphenylketonurics contains phenylalanine,aspartame,bha preserves freshnessphenylketonurics contains phenylalanine,aspartame,bha preserves freshness phenylketonurics contains phenylalanine,citric acid, potassium citrate, sodium citrate, aspartame, magnesium oxide, maltodextrin, contains less than 2 of natural flavor, acesulfame potassium, soy lecithin, artificial color, yellow 5, bha preserves freshness phenylketonurics contains phenylalanine contains soy,citric acid, potassium citrate, sodium citrate, aspartame, magnesium oxide, maltodextrin, contains less than 2 of natural flavor, acesulfame potassium, soy lecithin, artificial color, yellow 5, bha preserves freshness phenylketonurics contains phenylalanine contains soy",1,0,1,1,1,0,1,1,High,2,2
"Walden Farms Mayo, Chipotle, 12 Ounce (Pack of 3)",Walden Farms,"Purified Water,Vegetable Fiber,Sea Salt,Apple Cider Vinegar,White Vinegar,Tomato Paste,Corn Starch,Xanthan Gum,Lactic Acid,Beta Carotene,Egg Flavor,Dijon Mustard,Lemon Juice,Dehydrated Chipotle,Tomato Flavor,Chipotle,Cumin,Garlic,Onion,Cayenne Pepper,Food Color,Sucralose,Paprika,Sodium Benzoate (to Preserve Freshness),. (Contains Trace Calories.)","purified water,vegetable fiber,sea salt,apple cider vinegar,white vinegar,tomato paste,corn starch,xanthan gum,lactic acid,beta carotene,egg flavor,dijon mustard,lemon juice,dehydrated chipotle,tomato flavor,chipotle,cumin,garlic,onion,cayenne pepper,food color,sucralose,paprika,sodium benzoate to preserve freshness, contains trace calories",0,0,1,1,1,0,0,0,Medium,1,2
Campbells Cream Of Mushroom Soup,Campbells,"Water, Mushrooms, Vegetable Oil (Corn, Cottonseed, Canola, and,Water,Mushrooms,Vegetable Oil","water, mushrooms, vegetable oil corn, cottonseed, canola, and,water,mushrooms,vegetable oil",0,1,0,0,0,0,0,0,Low,0,1
"Mario Camacho Foods Pitted Snack Olives, Kalamata with a Hint of Thyme, 1.05 Ounce",Mario Camacho,"Olives,Olive Oil,Sea Salt,Thyme and Acetic Acid.","olives,olive oil,sea salt,thyme and acetic acid",0,0,0,0,0,0,0,0,Low,0,1
"Alessi White Balsamic Vinegar, 12.75 Fl Oz",Alessi,"White Wine Vinegar,Grape Musts.","white wine vinegar,grape musts",0,0,0,0,0,0,0,0,Low,0,1
Twizzlers Hershey's Chocolate Candy Licorice Twists (6 Pkgs) New,Twizzlers,"Corn Syrup, Wheat Flour, Sugar, Cornstarch, Contains 2% or less of: Chocolate, Cocoa, Palm Oil, Salt, Glycerin, Artificial Flavors, Potassium Sorbate (Preservative), Artificial Color, and Soy Lecithin.,Corn Syrup,Wheat Flour,Sugar,Cornstarch,Contains 2% or less of: Chocolate,Cocoa,Palm Oil,Salt,Glycerin,Artificial Flavors,Potassium Sorbate (Preservative),Artificial Color,and Soy Lecithin.","corn syrup, wheat flour, sugar, cornstarch, contains 2 or less of chocolate, cocoa, palm oil, salt, glycerin, artificial flavors, potassium sorbate preservative, artificial color, and soy lecithin,corn syrup,wheat flour,sugar,cornstarch,contains 2 or less of chocolate,cocoa,palm oil,salt,glycerin,artificial flavors,potassium sorbate preservative,artificial color,and soy lecithin",1,1,0,0,1,0,0,1,Medium,1,0
